tests/quantum/test_adjoint_transport.py::test_all_named_sources_and_unequal_complex_response[2]
tests/quantum/test_adjoint_transport.py::test_all_named_sources_and_unequal_complex_response[3]
tests/quantum/test_adjoint_transport.py::test_named_jump_splitting_phase_and_permutation
tests/quantum/test_adjoint_transport.py::test_exact_constant_segments_and_seconds_units
tests/quantum/test_adjoint_transport.py::test_rf_batching_and_identity_invariance
tests/quantum/test_adjoint_transport.py::test_no_jump_closed_atom_has_only_boundary_noise
tests/quantum/test_adjoint_transport.py::test_analytic_ground_state_boundary_and_vacuum_jump_noise
tests/quantum/test_adjoint_transport.py::test_analytic_complex_response_sign_and_mixed_frequencies
tests/quantum/test_adjoint_transport.py::test_identity_readout_shift_changes_only_mean
tests/quantum/test_adjoint_transport.py::test_retarded_response_matches_physical_cosine_drive_difference
tests/quantum/test_adjoint_transport.py::test_invalid_contracts[hamiltonian]
tests/quantum/test_adjoint_transport.py::test_invalid_contracts[state]
tests/quantum/test_adjoint_transport.py::test_invalid_contracts[duration]
tests/quantum/test_adjoint_transport.py::test_invalid_contracts[readouts]
tests/quantum/test_adjoint_transport.py::test_invalid_contracts[frequency]
tests/quantum/test_adjoint_transport.py::test_invalid_contracts[empty_frequency]
tests/quantum/test_adjoint_transport.py::test_invalid_contracts[drives]
tests/quantum/test_adjoint_transport.py::test_invalid_contracts[drive_frequency]
tests/quantum/test_adjoint_transport.py::test_invalid_contracts[orphan_frequency]
tests/quantum/test_adjoint_transport.py::test_invalid_contracts[rtol]
tests/quantum/test_adjoint_transport.py::test_invalid_contracts[atol]
tests/quantum/test_adjoint_transport.py::test_invalid_contracts[step]
tests/quantum/test_adjoint_transport.py::test_invalid_contracts[envelope]
tests/quantum/test_adjoint_transport.py::test_invalid_contracts[nan_envelope]
tests/quantum/test_adjoint_transport_audit.py::test_parent_reuse_binds_physical_packet_and_all_metrics
tests/quantum/test_adjoint_transport_audit.py::test_source_wise_norm_does_not_hide_small_source_behind_large_one
tests/quantum/test_adjoint_transport_audit.py::test_parent_validator_accepts_temporary_native_fixture
tests/quantum/test_adjoint_transport_audit.py::test_reuse_refuses_changed_or_missing_parent_source[changed]
tests/quantum/test_adjoint_transport_audit.py::test_reuse_refuses_changed_or_missing_parent_source[missing]
tests/quantum/test_adjoint_transport_audit.py::test_parent_validator_rejects_physical_identity_mismatch[inputs]
tests/quantum/test_adjoint_transport_audit.py::test_parent_validator_rejects_physical_identity_mismatch[entry]
tests/quantum/test_adjoint_transport_audit.py::test_parent_validator_rejects_physical_identity_mismatch[velocity]
tests/quantum/test_adjoint_transport_audit.py::test_parent_validator_rejects_physical_identity_mismatch[duration]
tests/quantum/test_adjoint_transport_audit.py::test_parent_validator_rejects_physical_identity_mismatch[rf]
tests/quantum/test_adjoint_transport_audit.py::test_parent_validator_rejects_physical_identity_mismatch[wavevectors]
tests/quantum/test_adjoint_transport_audit.py::test_parent_validator_rejects_unverified_report[schema]
tests/quantum/test_adjoint_transport_audit.py::test_parent_validator_rejects_unverified_report[all_declared_controls_passed]
tests/quantum/test_adjoint_transport_audit.py::test_parent_validator_rejects_unverified_report[source_stable_during_run]
tests/quantum/test_adjoint_transport_audit.py::test_missing_parent_report_is_not_accepted
tests/quantum/test_adjoint_transport_audit.py::test_existing_output_refused_before_parent_or_workers
tests/quantum/test_atomic_diffusion.py::test_complete_basis_closes_all_trace_zero_atomic_operators[2]
tests/quantum/test_atomic_diffusion.py::test_complete_basis_closes_all_trace_zero_atomic_operators[3]
tests/quantum/test_atomic_diffusion.py::test_complete_basis_closes_all_trace_zero_atomic_operators[4]
tests/quantum/test_atomic_diffusion.py::test_jump_diffusion_matches_independent_adjoint_product_rule_in_a_nonstationary_state
tests/quantum/test_atomic_diffusion.py::test_ground_state_ordered_spectrum_has_correct_sign_width_and_vacuum_asymmetry
tests/quantum/test_atomic_diffusion.py::test_qrt_agrees_with_diffusion_including_dc_and_complex_cross_spectra[0.0]
tests/quantum/test_atomic_diffusion.py::test_qrt_agrees_with_diffusion_including_dc_and_complex_cross_spectra[2.1]
tests/quantum/test_atomic_diffusion.py::test_qrt_agrees_with_diffusion_including_dc_and_complex_cross_spectra[8.0]
tests/quantum/test_atomic_diffusion.py::test_rb85_pump_state_parity_and_full_atomic_noise_at_rf_and_beat_frequencies[0.0-628318.5307179586]
tests/quantum/test_atomic_diffusion.py::test_rb85_pump_state_parity_and_full_atomic_noise_at_rf_and_beat_frequencies[0.6-0.0]
tests/quantum/test_atomic_diffusion.py::test_rb85_pump_state_parity_and_full_atomic_noise_at_rf_and_beat_frequencies[0.6-628318.5307179586]
tests/quantum/test_atomic_diffusion.py::test_nondecaying_modes_and_nonstationary_state_fail_instead_of_losing_elastic_noise
tests/quantum/test_atomic_diffusion.py::test_atomic_covariance_is_not_assigned_a_canonical_bosonic_commutator
tests/quantum/test_atomic_noise_audit.py::test_atomic_noise_report_keeps_input_frames_and_physical_claims_separate
tests/quantum/test_ballistic_linear_channel.py::test_gramian_matches_independent_quadrature_and_preserves_commutator[0.8-0.35-(0.9+0.35j)]
tests/quantum/test_ballistic_linear_channel.py::test_gramian_matches_independent_quadrature_and_preserves_commutator[-1.7-0.8-(-0.3+1.1j)]
tests/quantum/test_ballistic_linear_channel.py::test_gramian_matches_independent_quadrature_and_preserves_commutator[0.0-0.0-1.2j]
tests/quantum/test_ballistic_linear_channel.py::test_gramian_matches_independent_quadrature_and_preserves_commutator[0.9-0.6-0.0]
tests/quantum/test_ballistic_linear_channel.py::test_lossless_exact_beamsplitter_and_zero_length
tests/quantum/test_ballistic_linear_channel.py::test_uncoupled_free_fluxes_and_atomic_attenuation
tests/quantum/test_ballistic_linear_channel.py::test_ordered_segments_propagate_earlier_noise_and_match_split_ode
tests/quantum/test_ballistic_linear_channel.py::test_optical_thermal_channel_matches_full_covariance_ode[0.0-0.0]
tests/quantum/test_ballistic_linear_channel.py::test_optical_thermal_channel_matches_full_covariance_ode[0.7-0.0]
tests/quantum/test_ballistic_linear_channel.py::test_optical_thermal_channel_matches_full_covariance_ode[0.0-0.3]
tests/quantum/test_ballistic_linear_channel.py::test_optical_thermal_channel_matches_full_covariance_ode[0.7-0.3]
tests/quantum/test_ballistic_linear_channel.py::test_constant_segment_matches_independent_direct_ode
tests/quantum/test_ballistic_linear_channel.py::test_nonconstant_complex_profile_refines_at_second_order
tests/quantum/test_ballistic_linear_channel.py::test_atomic_source_retains_complex_spatial_cross_covariance
tests/quantum/test_ballistic_linear_channel.py::test_zero_damping_source_is_shared_boundary_not_independent_noise
tests/quantum/test_ballistic_linear_channel.py::test_correlated_green_kernel_reproduces_optical_noise_and_diagonalization_fails
tests/quantum/test_ballistic_linear_channel.py::test_dropping_atomic_inflow_is_noncanonical_despite_positive_noise
tests/quantum/test_ballistic_linear_channel.py::test_control_is_strict_json_serializable_and_declares_scope_and_thresholds
tests/quantum/test_ballistic_linear_channel.py::test_invalid_physical_parameters_rejected[v-0]
tests/quantum/test_ballistic_linear_channel.py::test_invalid_physical_parameters_rejected[v--1]
tests/quantum/test_ballistic_linear_channel.py::test_invalid_physical_parameters_rejected[c-0]
tests/quantum/test_ballistic_linear_channel.py::test_invalid_physical_parameters_rejected[gamma--1]
tests/quantum/test_ballistic_linear_channel.py::test_invalid_physical_parameters_rejected[omega-nan]
tests/quantum/test_ballistic_linear_channel.py::test_invalid_lengths_and_thermal_states_rejected
tests/quantum/test_contracts_and_channels.py::test_signed_rf_axis_converts_once_and_is_distinct_from_optical_detunings
tests/quantum/test_contracts_and_channels.py::test_independent_calibration_fit_is_allowed_but_target_fit_and_leakage_are_not
tests/quantum/test_contracts_and_channels.py::test_omitted_and_duplicate_input_records_cannot_pass_the_no_fit_gate
tests/quantum/test_contracts_and_channels.py::test_unequal_passive_losses_preserve_coherent_vacuum_and_compose_as_transmissions
tests/quantum/test_contracts_and_channels.py::test_ideal_squeezing_and_vacuum_loss_have_analytic_epr_variance
tests/quantum/test_contracts_and_channels.py::test_positive_noise_alone_does_not_make_a_physical_channel
tests/quantum/test_contracts_and_channels.py::test_rectangular_collection_preserves_subsystem_covariance
tests/quantum/test_contracts_and_channels.py::test_mode_order_and_complex_rf_basis_cannot_be_silently_mixed
tests/quantum/test_contracts_and_channels.py::test_channel_owns_immutable_matrices_and_has_no_implicit_mean_field_map
tests/quantum/test_downstream_audit.py::test_parallel_report_preserves_censoring_correlations_and_conditional_claims
tests/quantum/test_downstream_audit.py::test_report_and_plot_cannot_share_an_output_path
tests/quantum/test_exponential_transport.py::test_spectral_and_forced_block_preserve_every_source_and_order[False-False]
tests/quantum/test_exponential_transport.py::test_spectral_and_forced_block_preserve_every_source_and_order[False-True]
tests/quantum/test_exponential_transport.py::test_spectral_and_forced_block_preserve_every_source_and_order[True-False]
tests/quantum/test_exponential_transport.py::test_spectral_and_forced_block_preserve_every_source_and_order[True-True]
tests/quantum/test_exponential_transport.py::test_defective_jordan_generators_use_exact_block_fallback[augmented]
tests/quantum/test_exponential_transport.py::test_defective_jordan_generators_use_exact_block_fallback[density]
tests/quantum/test_exponential_transport.py::test_defective_jordan_generators_use_exact_block_fallback[both]
tests/quantum/test_exponential_transport.py::test_source_map_retains_signed_noise_without_clipping[1]
tests/quantum/test_exponential_transport.py::test_source_map_retains_signed_noise_without_clipping[1000000.0]
tests/quantum/test_exponential_transport.py::test_divided_exponential_broadcast_exact_and_near_resonance[0.0]
tests/quantum/test_exponential_transport.py::test_divided_exponential_broadcast_exact_and_near_resonance[0.73]
tests/quantum/test_exponential_transport.py::test_divided_exponential_broadcast_exact_and_near_resonance[2.0]
tests/quantum/test_exponential_transport.py::test_divided_exponential_strong_decay_never_forms_zero_times_infinity
tests/quantum/test_exponential_transport.py::test_constant_physical_wavepacket_segmented_parity_drives_rf_and_seconds[1-2]
tests/quantum/test_exponential_transport.py::test_constant_physical_wavepacket_segmented_parity_drives_rf_and_seconds[1-4]
tests/quantum/test_exponential_transport.py::test_constant_physical_wavepacket_segmented_parity_drives_rf_and_seconds[1000000.0-2]
tests/quantum/test_exponential_transport.py::test_constant_physical_wavepacket_segmented_parity_drives_rf_and_seconds[1000000.0-4]
tests/quantum/test_exponential_transport.py::test_rf_batch_shares_density_and_preserves_row_order
tests/quantum/test_exponential_transport.py::test_named_jump_split_phase_and_permutation_keep_each_order[1]
tests/quantum/test_exponential_transport.py::test_named_jump_split_phase_and_permutation_keep_each_order[1000000.0]
tests/quantum/test_exponential_transport.py::test_ground_state_vacuum_ordering_matches_analytic_source_integrals
tests/quantum/test_exponential_transport.py::test_constant_complex_response_with_unequal_rf_and_resonant_drive[1]
tests/quantum/test_exponential_transport.py::test_constant_complex_response_with_unequal_rf_and_resonant_drive[1000000.0]
tests/quantum/test_exponential_transport.py::test_sampled_history_retains_macro_endpoints_and_full_streaming_audit[2]
tests/quantum/test_exponential_transport.py::test_sampled_history_retains_macro_endpoints_and_full_streaming_audit[4]
tests/quantum/test_exponential_transport.py::test_three_level_smooth_path_has_fourth_order_convergence_to_reference
tests/quantum/test_exponential_transport.py::test_invalid_wavepacket_input_is_rejected[segments-0]
tests/quantum/test_exponential_transport.py::test_invalid_wavepacket_input_is_rejected[segments--2]
tests/quantum/test_exponential_transport.py::test_invalid_wavepacket_input_is_rejected[segments-True]
tests/quantum/test_exponential_transport.py::test_invalid_wavepacket_input_is_rejected[segments-2.5]
tests/quantum/test_exponential_transport.py::test_invalid_wavepacket_input_is_rejected[order-0]
tests/quantum/test_exponential_transport.py::test_invalid_wavepacket_input_is_rejected[order-3]
tests/quantum/test_exponential_transport.py::test_invalid_wavepacket_input_is_rejected[order-True]
tests/quantum/test_exponential_transport.py::test_invalid_wavepacket_input_is_rejected[sample_count-0]
tests/quantum/test_exponential_transport.py::test_invalid_wavepacket_input_is_rejected[sample_count-1]
tests/quantum/test_exponential_transport.py::test_invalid_wavepacket_input_is_rejected[sample_count-True]
tests/quantum/test_exponential_transport.py::test_invalid_wavepacket_input_is_rejected[sample_count-2.5]
tests/quantum/test_exponential_transport.py::test_invalid_wavepacket_input_is_rejected[sample_count-nan]
tests/quantum/test_exponential_transport.py::test_invalid_wavepacket_input_is_rejected[sample_count-inf]
tests/quantum/test_exponential_transport.py::test_invalid_wavepacket_input_is_rejected[max_condition-0.9]
tests/quantum/test_exponential_transport.py::test_invalid_wavepacket_input_is_rejected[max_condition-inf]
tests/quantum/test_exponential_transport.py::test_invalid_wavepacket_input_is_rejected[max_condition-nan]
tests/quantum/test_exponential_transport.py::test_invalid_wavepacket_input_is_rejected[duration_s-0.0]
tests/quantum/test_exponential_transport.py::test_invalid_wavepacket_input_is_rejected[duration_s--1.0]
tests/quantum/test_exponential_transport.py::test_invalid_wavepacket_input_is_rejected[duration_s-inf]
tests/quantum/test_exponential_transport.py::test_invalid_wavepacket_input_is_rejected[duration_s-nan]
tests/quantum/test_exponential_transport.py::test_invalid_wavepacket_input_is_rejected[envelope-None]
tests/quantum/test_exponential_transport.py::test_invalid_wavepacket_input_is_rejected[envelope-<lambda>0]
tests/quantum/test_exponential_transport.py::test_invalid_wavepacket_input_is_rejected[envelope-<lambda>1]
tests/quantum/test_exponential_transport.py::test_invalid_wavepacket_input_is_rejected[envelope-<lambda>2]
tests/quantum/test_exponential_transport.py::test_invalid_wavepacket_input_is_rejected[envelope-<lambda>3]
tests/quantum/test_exponential_transport.py::test_invalid_wavepacket_input_is_rejected[h0-value25]
tests/quantum/test_exponential_transport.py::test_invalid_wavepacket_input_is_rejected[h1-value26]
tests/quantum/test_exponential_transport.py::test_invalid_wavepacket_input_is_rejected[h0-value27]
tests/quantum/test_exponential_transport.py::test_invalid_wavepacket_input_is_rejected[boundary_state-value28]
tests/quantum/test_exponential_transport.py::test_invalid_wavepacket_input_is_rejected[boundary_state-value29]
tests/quantum/test_exponential_transport.py::test_invalid_wavepacket_input_is_rejected[boundary_state-value30]
tests/quantum/test_exponential_transport.py::test_invalid_wavepacket_input_is_rejected[boundary_state-value31]
tests/quantum/test_exponential_transport.py::test_invalid_wavepacket_input_is_rejected[boundary_state-value32]
tests/quantum/test_exponential_transport.py::test_invalid_wavepacket_input_is_rejected[readouts-value33]
tests/quantum/test_exponential_transport.py::test_invalid_wavepacket_input_is_rejected[readouts-value34]
tests/quantum/test_exponential_transport.py::test_invalid_wavepacket_input_is_rejected[readouts-value35]
tests/quantum/test_exponential_transport.py::test_invalid_wavepacket_input_is_rejected[frequencies_rad_s-value36]
tests/quantum/test_exponential_transport.py::test_invalid_wavepacket_input_is_rejected[frequencies_rad_s-value37]
tests/quantum/test_exponential_transport.py::test_invalid_wavepacket_input_is_rejected[frequencies_rad_s-value38]
tests/quantum/test_exponential_transport.py::test_invalid_wavepacket_input_is_rejected[frequencies_rad_s-value39]
tests/quantum/test_exponential_transport.py::test_invalid_wavepacket_input_is_rejected[drives-value40]
tests/quantum/test_exponential_transport.py::test_invalid_wavepacket_input_is_rejected[drives-value41]
tests/quantum/test_exponential_transport.py::test_invalid_wavepacket_input_is_rejected[drives-None]
tests/quantum/test_exponential_transport.py::test_invalid_wavepacket_input_is_rejected[drive_frequencies_rad_s-None]
tests/quantum/test_exponential_transport.py::test_invalid_wavepacket_input_is_rejected[drive_frequencies_rad_s-value44]
tests/quantum/test_exponential_transport.py::test_invalid_wavepacket_input_is_rejected[drive_frequencies_rad_s-value45]
tests/quantum/test_exponential_transport.py::test_reservoirs_must_be_explicit
tests/quantum/test_exponential_transport_audit.py::test_matching_evidence_and_changed_response_digest
tests/quantum/test_exponential_transport_audit.py::test_each_metric_can_prevent_convergence[greater]
tests/quantum/test_exponential_transport_audit.py::test_each_metric_can_prevent_convergence[lesser]
tests/quantum/test_exponential_transport_audit.py::test_each_metric_can_prevent_convergence[greater_by_source]
tests/quantum/test_exponential_transport_audit.py::test_each_metric_can_prevent_convergence[lesser_by_source]
tests/quantum/test_exponential_transport_audit.py::test_each_metric_can_prevent_convergence[mean_pulse]
tests/quantum/test_exponential_transport_audit.py::test_each_metric_can_prevent_convergence[mean_outer]
tests/quantum/test_exponential_transport_audit.py::test_each_metric_can_prevent_convergence[retarded_response]
tests/quantum/test_exponential_transport_audit.py::test_each_metric_can_prevent_convergence[exit_state]
tests/quantum/test_exponential_transport_audit.py::test_incomplete_or_nonmonotone_refinement_controls_rejected[segments0]
tests/quantum/test_exponential_transport_audit.py::test_incomplete_or_nonmonotone_refinement_controls_rejected[segments1]
tests/quantum/test_exponential_transport_audit.py::test_incomplete_or_nonmonotone_refinement_controls_rejected[segments2]
tests/quantum/test_exponential_transport_audit.py::test_incomplete_or_nonmonotone_refinement_controls_rejected[segments3]
tests/quantum/test_exponential_transport_audit.py::test_incomplete_or_nonmonotone_refinement_controls_rejected[segments4]
tests/quantum/test_exponential_transport_audit.py::test_incomplete_or_nonmonotone_refinement_controls_rejected[segments5]
tests/quantum/test_exponential_transport_audit.py::test_incomplete_or_nonmonotone_refinement_controls_rejected[segments6]
tests/quantum/test_exponential_transport_audit.py::test_temporary_reference_binds_actual_parent_and_sources
tests/quantum/test_exponential_transport_audit.py::test_changed_reference_source_cannot_be_reused
tests/quantum/test_exponential_transport_audit.py::test_reference_rechecks_real_dependency_files[changed]
tests/quantum/test_exponential_transport_audit.py::test_reference_rechecks_real_dependency_files[missing]
tests/quantum/test_exponential_transport_audit.py::test_reference_rejects_parent_artifact_hash_mismatch
tests/quantum/test_exponential_transport_audit.py::test_reference_rejects_incomplete_or_mismatched_identity[schema]
tests/quantum/test_exponential_transport_audit.py::test_reference_rejects_incomplete_or_mismatched_identity[all_declared_controls_passed]
tests/quantum/test_exponential_transport_audit.py::test_reference_rejects_incomplete_or_mismatched_identity[source_stable_during_run]
tests/quantum/test_exponential_transport_audit.py::test_reference_rejects_incomplete_or_mismatched_identity[complete_path_evidence_accepted]
tests/quantum/test_exponential_transport_audit.py::test_reference_rejects_incomplete_or_mismatched_identity[path]
tests/quantum/test_exponential_transport_audit.py::test_reference_rejects_incomplete_or_mismatched_identity[inputs_SI]
tests/quantum/test_exponential_transport_audit.py::test_reference_rejects_incomplete_or_mismatched_identity[frequency_hz]
tests/quantum/test_exponential_transport_audit.py::test_missing_reference_report_is_not_accepted
tests/quantum/test_exponential_transport_audit.py::test_existing_report_is_never_overwritten
tests/quantum/test_field_noise_audit.py::test_field_audit_evidence_and_non_overwriting_report
tests/quantum/test_foundation_audit.py::test_foundation_command_emits_scoped_report_and_preserves_existing_artifacts
tests/quantum/test_inflow.py::test_six_faces_have_analytic_positive_maxwell_flux_without_occupancy_rescaling
tests/quantum/test_inflow.py::test_incoming_normal_is_flux_weighted_rayleigh_and_tangents_are_maxwell
tests/quantum/test_inflow.py::test_chords_end_at_the_first_box_exit_and_include_oblique_exits
tests/quantum/test_inflow.py::test_occupation_recovers_nV_uniform_position_and_bulk_maxwell_moments
tests/quantum/test_inflow.py::test_independent_seed_refinement_reduces_combined_occupation_moment_error
tests/quantum/test_inflow.py::test_density_temperature_and_mass_follow_analytic_flux_and_chord_scaling[change0-3.0-1.0-3.0]
tests/quantum/test_inflow.py::test_density_temperature_and_mass_follow_analytic_flux_and_chord_scaling[change1-2.0-0.5-1.0]
tests/quantum/test_inflow.py::test_density_temperature_and_mass_follow_analytic_flux_and_chord_scaling[change2-0.5-2.0-1.0]
tests/quantum/test_inflow.py::test_uniform_geometry_scaling_obeys_area_volume_and_transit_units
tests/quantum/test_inflow.py::test_seed_replays_every_boundary_mark_and_factory_arrays_are_owned_immutable
tests/quantum/test_inflow.py::test_missing_nonphysical_or_unsourced_thermal_inputs_are_rejected[change0]
tests/quantum/test_inflow.py::test_missing_nonphysical_or_unsourced_thermal_inputs_are_rejected[change1]
tests/quantum/test_inflow.py::test_missing_nonphysical_or_unsourced_thermal_inputs_are_rejected[change2]
tests/quantum/test_inflow.py::test_missing_nonphysical_or_unsourced_thermal_inputs_are_rejected[change3]
tests/quantum/test_inflow.py::test_missing_nonphysical_or_unsourced_thermal_inputs_are_rejected[change4]
tests/quantum/test_inflow.py::test_missing_nonphysical_or_unsourced_thermal_inputs_are_rejected[change5]
tests/quantum/test_inflow.py::test_geometry_and_quadrature_controls_are_validated[kwargs0]
tests/quantum/test_inflow.py::test_geometry_and_quadrature_controls_are_validated[kwargs1]
tests/quantum/test_inflow.py::test_geometry_and_quadrature_controls_are_validated[kwargs2]
tests/quantum/test_inflow.py::test_geometry_and_quadrature_controls_are_validated[kwargs3]
tests/quantum/test_inflow.py::test_geometry_and_quadrature_controls_are_validated[kwargs4]
tests/quantum/test_inflow.py::test_geometry_and_quadrature_controls_are_validated[kwargs5]
tests/quantum/test_inflow.py::test_geometry_and_quadrature_controls_are_validated[kwargs6]
tests/quantum/test_inflow.py::test_geometry_and_quadrature_controls_are_validated[kwargs7]
tests/quantum/test_inflow.py::test_geometry_and_quadrature_controls_are_validated[kwargs8]
tests/quantum/test_inflow.py::test_geometry_and_quadrature_controls_are_validated[kwargs9]
tests/quantum/test_inflow.py::test_geometry_and_quadrature_controls_are_validated[kwargs10]
tests/quantum/test_inflow.py::test_direct_dataclass_replacement_cannot_bypass_the_physical_boundary_contract
tests/quantum/test_inflow.py::test_uniform_common_phase_has_zero_nonzero_resolved_fourier_moments[0.0]
tests/quantum/test_inflow.py::test_uniform_common_phase_has_zero_nonzero_resolved_fourier_moments[0.37]
tests/quantum/test_inflow.py::test_uniform_common_phase_has_zero_nonzero_resolved_fourier_moments[1e+20]
tests/quantum/test_inflow.py::test_common_entry_phase_retains_fixed_spatial_offsets_and_harmonic_relations
tests/quantum/test_inflow.py::test_phase_contract_rejects_independent_phases_and_invalid_probabilities
tests/quantum/test_inflow.py::test_marked_poisson_averages_per_mark_raw_moments_before_any_mean_subtraction
tests/quantum/test_inflow.py::test_uniform_entry_phase_keeps_same_atom_spatial_cross_terms_and_count_noise
tests/quantum/test_inflow.py::test_invalid_marked_packets_are_rejected_without_dropping_or_resampling[missing_mean]
tests/quantum/test_inflow.py::test_invalid_marked_packets_are_rejected_without_dropping_or_resampling[duration]
tests/quantum/test_inflow.py::test_invalid_marked_packets_are_rejected_without_dropping_or_resampling[shape]
tests/quantum/test_inflow.py::test_invalid_marked_packets_are_rejected_without_dropping_or_resampling[negative]
tests/quantum/test_inflow.py::test_invalid_marked_packets_are_rejected_without_dropping_or_resampling[nonhermitian]
tests/quantum/test_inflow.py::test_invalid_marked_packets_are_rejected_without_dropping_or_resampling[grid]
tests/quantum/test_inflow.py::test_invalid_marked_packets_are_rejected_without_dropping_or_resampling[frame]
tests/quantum/test_inflow.py::test_callback_exception_remains_visible_and_cannot_be_replaced_with_a_fit
tests/quantum/test_kinetic.py::test_lab_carriers_stay_fixed_and_doppler_follows_direct_moving_plane_wave_phases
tests/quantum/test_kinetic.py::test_vacuum_equal_opposite_angles_fail_single_phase_closure_with_measured_defect
tests/quantum/test_kinetic.py::test_maxwell_grid_moments_match_conditional_truncated_gaussian_and_tail
tests/quantum/test_kinetic.py::test_zero_velocity_full_periodic_and_stationary_thermal_limits_match_previous_core
tests/quantum/test_kinetic.py::test_fast_stationary_path_is_exact_zero_seed_periodic_limit_at_nonzero_velocity
tests/quantum/test_kinetic.py::test_velocity_split_and_streaming_sum_preserve_covariances_not_noise_amplitudes
tests/quantum/test_kinetic.py::test_finite_seed_weighted_mean_derivative_matches_summed_dc_drift
tests/quantum/test_kinetic.py::test_transverse_reflection_symmetry_and_zero_density_limit
tests/quantum/test_kinetic.py::test_z_plane_flux_and_invalid_quadrature_axes_are_explicit
tests/quantum/test_kinetic.py::test_velocity_averaged_M_and_both_D_match_independent_full_density_response_and_qrt
tests/quantum/test_normalization.py::test_dipole_decay_convention_and_gaussian_power_integral
tests/quantum/test_normalization.py::test_uncoupled_electronic_reference_matches_manifold_average_for_each_polarization[0]
tests/quantum/test_normalization.py::test_uncoupled_electronic_reference_matches_manifold_average_for_each_polarization[1]
tests/quantum/test_normalization.py::test_uncoupled_electronic_reference_matches_manifold_average_for_each_polarization[2]
tests/quantum/test_normalization.py::test_no_single_scalar_after_sublevel_sum_can_match_both_manifolds
tests/quantum/test_normalization.py::test_same_dipole_drives_pump_and_photon_flux_field[legacy-reciprocal]
tests/quantum/test_normalization.py::test_same_dipole_drives_pump_and_photon_flux_field[uniform-zeeman-rms]
tests/quantum/test_normalization.py::test_carrier_anchor_uses_same_hyperfine_energies_as_hamiltonian
tests/quantum/test_normalization.py::test_evidence_is_bound_to_actual_small_values_units_and_heldout_ids
tests/quantum/test_normalization.py::test_power_adapter_vacuum_density_limit_and_input_validation
tests/quantum/test_normalization.py::test_normalization_artifact_checks_joint_readout_and_refuses_overwrite
tests/quantum/test_periodic_field.py::test_zero_seed_full_nambu_reproduces_both_sectors_and_four_mode_channel
tests/quantum/test_periodic_field.py::test_microscopic_field_drift_matches_full_liouville_and_noise_matches_time_qrt
tests/quantum/test_periodic_field.py::test_spatial_mean_tangent_equals_dc_quantum_transfer_not_transfer_times_mean
tests/quantum/test_periodic_field.py::test_full_quadrature_current_matches_ordered_nambu_with_complex_detector_response
tests/quantum/test_periodic_field.py::test_empty_cell_gives_vacuum_sql_and_unchanged_mean[density]
tests/quantum/test_periodic_field.py::test_empty_cell_gives_vacuum_sql_and_unchanged_mean[length]
tests/quantum/test_periodic_field.py::test_periodic_time_origin_rotates_full_fields_and_additional_ports_stay_explicit
tests/quantum/test_periodic_field.py::test_insufficient_atomic_cutoff_and_invalid_physical_coordinates_fail
tests/quantum/test_periodic_field.py::test_adaptive_covariance_propagation_matches_exact_constant_generator_integral
tests/quantum/test_periodic_field.py::test_periodic_cell_report_checks_convergence_refs_and_preserves_existing_output
tests/quantum/test_periodic_noise.py::test_time_dependent_jump_noise_matches_product_rule_and_dynamic_balance
tests/quantum/test_periodic_noise.py::test_zero_modulation_reduces_to_independent_stationary_frequency_blocks[4.0]
tests/quantum/test_periodic_noise.py::test_zero_modulation_reduces_to_independent_stationary_frequency_blocks[-4.0]
tests/quantum/test_periodic_noise.py::test_lesser_ordering_requires_atomic_transpose_and_frequency_harmonic_reflection
tests/quantum/test_periodic_noise.py::test_time_origin_rotates_cross_harmonics_without_changing_diagonal_spectra
tests/quantum/test_periodic_noise.py::test_negative_beat_with_conjugate_drive_describes_the_same_physical_model
tests/quantum/test_periodic_noise.py::test_cyclic_spectrum_agrees_with_time_domain_full_liouville_qrt_and_converges
tests/quantum/test_periodic_noise.py::test_averaged_noise_is_not_the_microscopic_periodic_noise
tests/quantum/test_periodic_noise.py::test_invalid_mean_truncation_unresolved_modes_and_frequency_coordinates_fail
tests/quantum/test_periodic_noise.py::test_reduced_rb_periodic_report_independent_controls_and_artifact_preservation
tests/quantum/test_photocounting.py::test_rectangular_thermal_band_has_white_shot_noise_and_triangular_bunching
tests/quantum/test_photocounting.py::test_fractional_complex_bin_overlap_has_no_wraparound_and_keeps_phase
tests/quantum/test_photocounting.py::test_unseeded_pure_twin_beams_and_detection_loss[1.0]
tests/quantum/test_photocounting.py::test_unseeded_pure_twin_beams_and_detection_loss[0.85]
tests/quantum/test_photocounting.py::test_unseeded_pure_twin_beams_and_detection_loss[0.3]
tests/quantum/test_photocounting.py::test_quadratic_psd_matches_independent_fock_current_with_complex_pair_phase
tests/quantum/test_photocounting.py::test_asymmetric_detector_weights_electronics_and_total_mean_sql
tests/quantum/test_photocounting.py::test_vacuum_has_no_spontaneous_flux_or_quadratic_counts_and_invalid_moments_fail
tests/quantum/test_rb_thermal_ensemble.py::test_default_model_uses_declared_area_length_and_explicit_boundary_transport
tests/quantum/test_rb_thermal_ensemble.py::test_cache_reuses_one_computation_and_returns_complete_complex_packet
tests/quantum/test_rb_thermal_ensemble.py::test_existing_cache_never_invokes_a_replacement_provider_or_overwrites_values
tests/quantum/test_rb_thermal_ensemble.py::test_cache_identity_ignores_grid_node_label_but_evidence_rebinds_current_path
tests/quantum/test_rb_thermal_ensemble.py::test_missing_cache_requires_explicit_provider_and_never_becomes_successful_evidence
tests/quantum/test_rb_thermal_ensemble.py::test_each_consumed_physical_or_solver_change_causes_cache_miss[entry]
tests/quantum/test_rb_thermal_ensemble.py::test_each_consumed_physical_or_solver_change_causes_cache_miss[velocity]
tests/quantum/test_rb_thermal_ensemble.py::test_each_consumed_physical_or_solver_change_causes_cache_miss[duration]
tests/quantum/test_rb_thermal_ensemble.py::test_each_consumed_physical_or_solver_change_causes_cache_miss[power]
tests/quantum/test_rb_thermal_ensemble.py::test_each_consumed_physical_or_solver_change_causes_cache_miss[waist]
tests/quantum/test_rb_thermal_ensemble.py::test_each_consumed_physical_or_solver_change_causes_cache_miss[density]
tests/quantum/test_rb_thermal_ensemble.py::test_each_consumed_physical_or_solver_change_causes_cache_miss[geometry]
tests/quantum/test_rb_thermal_ensemble.py::test_each_consumed_physical_or_solver_change_causes_cache_miss[rf]
tests/quantum/test_rb_thermal_ensemble.py::test_each_consumed_physical_or_solver_change_causes_cache_miss[boundary_state]
tests/quantum/test_rb_thermal_ensemble.py::test_each_consumed_physical_or_solver_change_causes_cache_miss[pump_center]
tests/quantum/test_rb_thermal_ensemble.py::test_each_consumed_physical_or_solver_change_causes_cache_miss[entry_phase]
tests/quantum/test_rb_thermal_ensemble.py::test_each_consumed_physical_or_solver_change_causes_cache_miss[solver_resolution]
tests/quantum/test_rb_thermal_ensemble.py::test_each_consumed_physical_or_solver_change_causes_cache_miss[solver_parameters]
tests/quantum/test_rb_thermal_ensemble.py::test_source_change_invalidates_existing_cache_instance_and_new_manifest_has_new_identity
tests/quantum/test_rb_thermal_ensemble.py::test_wrong_source_digest_is_rejected_before_any_cache_use
tests/quantum/test_rb_thermal_ensemble.py::test_missing_source_file_is_not_accepted_as_provenance
tests/quantum/test_rb_thermal_ensemble.py::test_source_modified_during_provider_call_cannot_create_a_stale_cache
tests/quantum/test_rb_thermal_ensemble.py::test_cache_hit_rechecks_sources_after_packet_validation
tests/quantum/test_rb_thermal_ensemble.py::test_audit_true_cannot_override_invalid_packet_data[wrong_rf]
tests/quantum/test_rb_thermal_ensemble.py::test_audit_true_cannot_override_invalid_packet_data[missing_source]
tests/quantum/test_rb_thermal_ensemble.py::test_audit_true_cannot_override_invalid_packet_data[source_total_mismatch]
tests/quantum/test_rb_thermal_ensemble.py::test_audit_true_cannot_override_invalid_packet_data[negative_covariance]
tests/quantum/test_rb_thermal_ensemble.py::test_audit_true_cannot_override_invalid_packet_data[nonhermitian_covariance]
tests/quantum/test_rb_thermal_ensemble.py::test_audit_true_cannot_override_invalid_packet_data[bad_exit_trace]
tests/quantum/test_rb_thermal_ensemble.py::test_audit_true_cannot_override_invalid_packet_data[bad_exit_psd]
tests/quantum/test_rb_thermal_ensemble.py::test_audit_true_cannot_override_invalid_packet_data[nan_response]
tests/quantum/test_rb_thermal_ensemble.py::test_absent_audit_is_checked_but_a_lone_cached_packet_is_not_path_evidence
tests/quantum/test_rb_thermal_ensemble.py::test_explicit_failed_atomic_audit_cannot_be_promoted_by_cache_reload
tests/quantum/test_rb_thermal_ensemble.py::test_corrupt_cache_records_are_rejected_and_never_recomputed_or_overwritten[partial_json]
tests/quantum/test_rb_thermal_ensemble.py::test_corrupt_cache_records_are_rejected_and_never_recomputed_or_overwritten[changed_payload]
tests/quantum/test_rb_thermal_ensemble.py::test_corrupt_cache_records_are_rejected_and_never_recomputed_or_overwritten[changed_identity]
tests/quantum/test_rb_thermal_ensemble.py::test_path_evidence_contains_actual_nonzero_comparisons_for_all_ordered_outputs
tests/quantum/test_rb_thermal_ensemble.py::test_native_geometry_grid_matches_literal_phase_sum_of_every_source_rf_and_mean_outer
tests/quantum/test_rb_thermal_ensemble.py::test_nested_sobol_reuses_physical_paths_but_applies_each_new_grid_rate
tests/quantum/test_rb_thermal_ensemble.py::test_changing_density_scales_the_complete_stream_once
tests/quantum/test_rb_thermal_ensemble.py::test_one_failed_path_hides_all_partial_spectra_and_never_renormalizes
tests/quantum/test_rb_thermal_ensemble.py::test_final_aggregation_exception_reports_no_fictitious_out_of_range_failed_path
tests/quantum/test_rb_thermal_ensemble.py::test_solver_parameters_are_defensively_copied_and_deeply_immutable
tests/quantum/test_rb_thermal_ensemble.py::test_solver_spec_requires_named_finite_positive_resolution[-1.0]
tests/quantum/test_rb_thermal_ensemble.py::test_solver_spec_requires_named_finite_positive_resolution[method-0.0]
tests/quantum/test_rb_thermal_ensemble.py::test_solver_spec_requires_named_finite_positive_resolution[method--1.0]
tests/quantum/test_rb_thermal_ensemble.py::test_solver_spec_requires_named_finite_positive_resolution[method-nan]
tests/quantum/test_rb_thermal_ensemble.py::test_solver_spec_requires_named_finite_positive_resolution[method-inf]
tests/quantum/test_rb_thermal_ensemble.py::test_path_plan_requires_two_successive_primary_controls_and_independent_refinement[short_primary]
tests/quantum/test_rb_thermal_ensemble.py::test_path_plan_requires_two_successive_primary_controls_and_independent_refinement[short_reference]
tests/quantum/test_rb_thermal_ensemble.py::test_path_plan_requires_two_successive_primary_controls_and_independent_refinement[same_method]
tests/quantum/test_rb_thermal_ensemble.py::test_path_plan_requires_two_successive_primary_controls_and_independent_refinement[mixed_primary]
tests/quantum/test_rb_thermal_ensemble.py::test_path_plan_requires_two_successive_primary_controls_and_independent_refinement[mixed_reference]
tests/quantum/test_rb_thermal_ensemble.py::test_path_plan_requires_two_successive_primary_controls_and_independent_refinement[unordered_primary]
tests/quantum/test_rb_thermal_ensemble.py::test_path_plan_requires_two_successive_primary_controls_and_independent_refinement[unordered_reference]
tests/quantum/test_rb_thermal_ensemble.py::test_grid_gate_remeasures_two_edges_and_all_directed_pairs_at_both_recent_grids
tests/quantum/test_rb_thermal_ensemble.py::test_passing_last_refinement_does_not_erase_an_earlier_failed_required_edge
tests/quantum/test_rb_thermal_ensemble.py::test_independent_non_nominal_seed_pair_is_checked_even_when_each_matches_nominal
tests/quantum/test_rb_thermal_ensemble.py::test_each_source_rf_number_and_response_output_controls_the_gate[greater]
tests/quantum/test_rb_thermal_ensemble.py::test_each_source_rf_number_and_response_output_controls_the_gate[lesser]
tests/quantum/test_rb_thermal_ensemble.py::test_each_source_rf_number_and_response_output_controls_the_gate[greater_by_source]
tests/quantum/test_rb_thermal_ensemble.py::test_each_source_rf_number_and_response_output_controls_the_gate[lesser_by_source]
tests/quantum/test_rb_thermal_ensemble.py::test_each_source_rf_number_and_response_output_controls_the_gate[poisson_number]
tests/quantum/test_rb_thermal_ensemble.py::test_each_source_rf_number_and_response_output_controls_the_gate[retarded_response]
tests/quantum/test_rb_thermal_ensemble.py::test_dim_source_error_cannot_hide_under_a_bright_source_or_other_rf
tests/quantum/test_rb_thermal_ensemble.py::test_missing_or_failed_grid_or_path_evidence_is_rejected[missing_seed]
tests/quantum/test_rb_thermal_ensemble.py::test_missing_or_failed_grid_or_path_evidence_is_rejected[duplicate]
tests/quantum/test_rb_thermal_ensemble.py::test_missing_or_failed_grid_or_path_evidence_is_rejected[missing_middle_grid]
tests/quantum/test_rb_thermal_ensemble.py::test_missing_or_failed_grid_or_path_evidence_is_rejected[only_two_grids]
tests/quantum/test_rb_thermal_ensemble.py::test_missing_or_failed_grid_or_path_evidence_is_rejected[wrong_plan]
tests/quantum/test_rb_thermal_ensemble.py::test_missing_or_failed_grid_or_path_evidence_is_rejected[wrong_model]
tests/quantum/test_rb_thermal_ensemble.py::test_missing_or_failed_grid_or_path_evidence_is_rejected[incomplete_path_count]
tests/quantum/test_rb_thermal_ensemble.py::test_missing_or_failed_grid_or_path_evidence_is_rejected[failed_ledger]
tests/quantum/test_rb_thermal_ensemble.py::test_missing_or_failed_grid_or_path_evidence_is_rejected[missing_primary_metric]
tests/quantum/test_rb_thermal_ensemble.py::test_missing_or_failed_grid_or_path_evidence_is_rejected[failed_independent_metric]
tests/quantum/test_rb_thermal_ensemble.py::test_missing_or_failed_grid_or_path_evidence_is_rejected[negative_reference_metric]
tests/quantum/test_rb_thermal_ensemble.py::test_raw_spectrum_tampering_is_rejected_even_if_the_outer_row_digest_is_rebound
tests/quantum/test_rb_thermal_ensemble.py::test_same_candidate_cannot_be_relabelled_as_an_independent_scramble
tests/quantum/test_rb_thermal_ensemble.py::test_stream_comparison_requires_positive_finite_dimensional_scales[0.0]
tests/quantum/test_rb_thermal_ensemble.py::test_stream_comparison_requires_positive_finite_dimensional_scales[-1.0]
tests/quantum/test_rb_thermal_ensemble.py::test_stream_comparison_requires_positive_finite_dimensional_scales[nan]
tests/quantum/test_rb_thermal_ensemble.py::test_stream_comparison_requires_positive_finite_dimensional_scales[inf]
tests/quantum/test_rb_thermal_ensemble.py::test_overflowing_matrix_error_is_rejected_instead_of_being_accepted_as_finite
tests/quantum/test_rb_thermal_ensemble_audit.py::test_workload_counts_actual_nested_boundary_paths_without_solving
tests/quantum/test_rb_thermal_ensemble_audit.py::test_reference_jobs_and_pilot_share_exact_physical_paths_and_canonical_phase_metadata
tests/quantum/test_rb_thermal_ensemble_audit.py::test_verified_references_use_actual_sealed_record_validation_and_file_hashes
tests/quantum/test_rb_thermal_ensemble_audit.py::test_reference_job_rechecks_sources_before_reading_values[changed]
tests/quantum/test_rb_thermal_ensemble_audit.py::test_reference_job_rechecks_sources_before_reading_values[missing]
tests/quantum/test_rb_thermal_ensemble_audit.py::test_reference_snapshot_rejects_changed_parent_artifact
tests/quantum/test_rb_thermal_ensemble_audit.py::test_source_change_during_reference_validation_prevents_artifacts
tests/quantum/test_rb_thermal_ensemble_audit.py::test_verified_references_reject_missing_tampered_or_incomplete_jobs[missing]
tests/quantum/test_rb_thermal_ensemble_audit.py::test_verified_references_reject_missing_tampered_or_incomplete_jobs[unsealed_payload]
tests/quantum/test_rb_thermal_ensemble_audit.py::test_verified_references_reject_missing_tampered_or_incomplete_jobs[identity]
tests/quantum/test_rb_thermal_ensemble_audit.py::test_verified_references_reject_missing_tampered_or_incomplete_jobs[source_hash]
tests/quantum/test_rb_thermal_ensemble_audit.py::test_verified_references_reject_missing_tampered_or_incomplete_jobs[frequency]
tests/quantum/test_rb_thermal_ensemble_audit.py::test_verified_references_reject_missing_tampered_or_incomplete_jobs[missing_metric]
tests/quantum/test_rb_thermal_ensemble_audit.py::test_verified_references_reject_missing_tampered_or_incomplete_jobs[mean_outer]
tests/quantum/test_rb_thermal_ensemble_audit.py::test_verified_references_reject_missing_tampered_or_incomplete_jobs[source_closure]
tests/quantum/test_rb_thermal_ensemble_audit.py::test_verified_references_reject_missing_tampered_or_incomplete_jobs[blas_threads]
tests/quantum/test_rb_thermal_ensemble_audit.py::test_verified_references_reject_missing_tampered_or_incomplete_jobs[work_counter]
tests/quantum/test_rb_thermal_ensemble_audit.py::test_verified_references_reject_missing_tampered_or_incomplete_jobs[duplicate_json_key]
tests/quantum/test_rb_thermal_ensemble_audit.py::test_references_cannot_be_attached_to_a_different_physical_model[inputs]
tests/quantum/test_rb_thermal_ensemble_audit.py::test_references_cannot_be_attached_to_a_different_physical_model[box]
tests/quantum/test_rb_thermal_ensemble_audit.py::test_references_cannot_be_attached_to_a_different_physical_model[temperature]
tests/quantum/test_rb_thermal_ensemble_audit.py::test_references_cannot_be_attached_to_a_different_physical_model[geometry]
tests/quantum/test_rb_thermal_ensemble_audit.py::test_references_cannot_be_attached_to_a_different_physical_model[rf]
tests/quantum/test_rb_thermal_ensemble_audit.py::test_references_cannot_be_attached_to_a_different_physical_model[state]
tests/quantum/test_rb_thermal_ensemble_audit.py::test_references_cannot_be_attached_to_a_different_physical_model[phase]
tests/quantum/test_rb_thermal_ensemble_audit.py::test_primary_plan_requires_three_positive_increasing_integers[segments0]
tests/quantum/test_rb_thermal_ensemble_audit.py::test_primary_plan_requires_three_positive_increasing_integers[segments1]
tests/quantum/test_rb_thermal_ensemble_audit.py::test_primary_plan_requires_three_positive_increasing_integers[segments2]
tests/quantum/test_rb_thermal_ensemble_audit.py::test_primary_plan_requires_three_positive_increasing_integers[segments3]
tests/quantum/test_rb_thermal_ensemble_audit.py::test_primary_plan_requires_three_positive_increasing_integers[segments4]
tests/quantum/test_rb_thermal_ensemble_audit.py::test_primary_plan_requires_three_positive_increasing_integers[segments5]
tests/quantum/test_rb_thermal_ensemble_audit.py::test_primary_plan_requires_three_positive_increasing_integers[segments6]
tests/quantum/test_rb_thermal_ensemble_audit.py::test_primary_plan_requires_three_positive_increasing_integers[segments7]
tests/quantum/test_rb_thermal_ensemble_audit.py::test_primary_plan_requires_three_positive_increasing_integers[segments8]
tests/quantum/test_rb_thermal_ensemble_audit.py::test_primary_plan_preserves_exact_counts_and_independent_reference_tolerances
tests/quantum/test_rb_thermal_ensemble_audit.py::test_maximum_time_step_plan_uses_each_full_physical_residence_time
tests/quantum/test_rb_thermal_ensemble_audit.py::test_time_step_plan_requires_three_finite_positive_decreasing_limits[steps0]
tests/quantum/test_rb_thermal_ensemble_audit.py::test_time_step_plan_requires_three_finite_positive_decreasing_limits[steps1]
tests/quantum/test_rb_thermal_ensemble_audit.py::test_time_step_plan_requires_three_finite_positive_decreasing_limits[steps2]
tests/quantum/test_rb_thermal_ensemble_audit.py::test_time_step_plan_requires_three_finite_positive_decreasing_limits[steps3]
tests/quantum/test_rb_thermal_ensemble_audit.py::test_time_step_plan_requires_three_finite_positive_decreasing_limits[steps4]
tests/quantum/test_rb_thermal_ensemble_audit.py::test_time_step_plan_requires_three_finite_positive_decreasing_limits[steps5]
tests/quantum/test_rb_thermal_ensemble_audit.py::test_time_step_plan_requires_three_finite_positive_decreasing_limits[steps6]
tests/quantum/test_rb_thermal_ensemble_audit.py::test_time_step_plan_requires_three_finite_positive_decreasing_limits[steps7]
tests/quantum/test_rb_thermal_ensemble_audit.py::test_reference_only_pilot_cannot_certify_paths_grid_or_thermal_ensemble
tests/quantum/test_rb_thermal_ensemble_audit.py::test_even_a_complete_synthetic_pilot_cache_cannot_certify_the_thermal_ensemble
tests/quantum/test_rb_thermal_ensemble_audit.py::test_other_valid_cached_reference_cannot_replace_the_verified_immutable_job[matrices]
tests/quantum/test_rb_thermal_ensemble_audit.py::test_other_valid_cached_reference_cannot_replace_the_verified_immutable_job[numerics]
tests/quantum/test_rb_thermal_ensemble_audit.py::test_cli_rejects_existing_artifacts_before_reference_reads_or_build[report]
tests/quantum/test_rb_thermal_ensemble_audit.py::test_cli_rejects_existing_artifacts_before_reference_reads_or_build[plot]
tests/quantum/test_rb_thermal_ensemble_audit.py::test_cli_rejects_same_new_report_and_plot_path_before_build
tests/quantum/test_rb_thermal_ensemble_audit.py::test_cli_cannot_mix_fixed_segment_counts_and_maximum_time_steps
tests/quantum/test_rb_thermal_ensemble_audit.py::test_source_change_during_build_prevents_report_and_plot_creation
tests/quantum/test_readout_audit.py::test_readout_report_has_joint_results_normalized_filters_and_no_experimental_badge
tests/quantum/test_reservoirs.py::test_complex_jumps_and_hamiltonian_match_direct_operator_action
tests/quantum/test_reservoirs.py::test_choi_indexing_matches_matrix_unit_definition_without_symmetrizing
tests/quantum/test_reservoirs.py::test_radiative_factory_has_exact_existing_assembly_and_total_decay
tests/quantum/test_reservoirs.py::test_reset_jumps_match_analytic_replacement_and_legacy_reset_for_all_matrices
tests/quantum/test_reservoirs.py::test_default_counterexample_and_thermal_setting_have_separate_verdicts
tests/quantum/test_reservoirs.py::test_import_rejects_a_cp_but_untracked_generator_edit
tests/quantum/test_reservoirs.py::test_each_generator_condition_is_enforced_and_zero_generator_is_valid
tests/quantum/test_reservoirs.py::test_hamiltonian_does_not_mask_negative_dissipative_eigenvalue
tests/quantum/test_reservoirs.py::test_invalid_reset_model_is_rejected[-1-p0]
tests/quantum/test_reservoirs.py::test_invalid_reset_model_is_rejected[nan-p1]
tests/quantum/test_reservoirs.py::test_invalid_reset_model_is_rejected[1-p2]
tests/quantum/test_reservoirs.py::test_invalid_reset_model_is_rejected[1-p3]
tests/quantum/test_reservoirs.py::test_explicit_reservoir_objects_do_not_alias_mutable_input
tests/quantum/test_seed_validity.py::test_local_floquet_matches_dense_and_converges_with_order
tests/quantum/test_seed_validity.py::test_seed_zero_limit_and_perturbative_power_scaling
tests/quantum/test_seed_validity.py::test_first_order_floquet_drive_matches_microscopic_field_drift_and_phase_rotation
tests/quantum/test_seed_validity_audit.py::test_broadband_ordered_occupations_agree_with_four_sideband_quadratures
tests/quantum/test_seed_validity_audit.py::test_existing_report_is_not_overwritten
tests/quantum/test_segmented_qrt.py::test_changed_hamiltonians_complex_readouts_and_unequal_signed_frequencies
tests/quantum/test_segmented_qrt.py::test_exact_closed_system_operator_integral_including_fast_ghz_phases[False]
tests/quantum/test_segmented_qrt.py::test_exact_closed_system_operator_integral_including_fast_ghz_phases[True]
tests/quantum/test_segmented_qrt.py::test_segment_subdivision_preserves_all_prior_source_and_phase_memory
tests/quantum/test_segmented_qrt.py::test_disjoint_segment_readouts_retain_nonzero_cross_correlations
tests/quantum/test_segmented_qrt.py::test_piecewise_identity_shifts_change_only_the_global_mean_and_raw_moments
tests/quantum/test_segmented_qrt.py::test_identity_has_zero_internal_noise_and_exact_poisson_raw_moments
tests/quantum/test_segmented_qrt.py::test_damped_lowering_readout_has_the_exact_finite_lorentzian_window
tests/quantum/test_segmented_qrt.py::test_seconds_rescaling_preserves_physical_pulse_units
tests/quantum/test_segmented_qrt.py::test_short_physical_rb85_d1_protocol_against_full_density_solve_ivp
tests/quantum/test_segmented_qrt.py::test_zero_negative_or_invalid_segment_durations_are_rejected[durations0]
tests/quantum/test_segmented_qrt.py::test_zero_negative_or_invalid_segment_durations_are_rejected[durations1]
tests/quantum/test_segmented_qrt.py::test_zero_negative_or_invalid_segment_durations_are_rejected[durations2]
tests/quantum/test_segmented_qrt.py::test_zero_negative_or_invalid_segment_durations_are_rejected[durations3]
tests/quantum/test_segmented_qrt.py::test_zero_negative_or_invalid_segment_durations_are_rejected[durations4]
tests/quantum/test_segmented_qrt.py::test_zero_negative_or_invalid_segment_durations_are_rejected[durations5]
tests/quantum/test_segmented_qrt.py::test_zero_negative_or_invalid_segment_durations_are_rejected[durations6]
tests/quantum/test_segmented_qrt.py::test_zero_negative_or_invalid_segment_durations_are_rejected[durations7]
tests/quantum/test_segmented_qrt.py::test_zero_negative_or_invalid_segment_durations_are_rejected[durations8]
tests/quantum/test_segmented_qrt.py::test_invalid_dimensions_frequencies_and_boundary_states_are_rejected[changes0-hamiltonians]
tests/quantum/test_segmented_qrt.py::test_invalid_dimensions_frequencies_and_boundary_states_are_rejected[changes1-Hermitian]
tests/quantum/test_segmented_qrt.py::test_invalid_dimensions_frequencies_and_boundary_states_are_rejected[changes2-readouts]
tests/quantum/test_segmented_qrt.py::test_invalid_dimensions_frequencies_and_boundary_states_are_rejected[changes3-finite]
tests/quantum/test_segmented_qrt.py::test_invalid_dimensions_frequencies_and_boundary_states_are_rejected[changes4-frequencies_rad_s]
tests/quantum/test_segmented_qrt.py::test_invalid_dimensions_frequencies_and_boundary_states_are_rejected[changes5-real]
tests/quantum/test_segmented_qrt.py::test_invalid_dimensions_frequencies_and_boundary_states_are_rejected[changes6-finite]
tests/quantum/test_segmented_qrt.py::test_invalid_dimensions_frequencies_and_boundary_states_are_rejected[changes7-frequencies_rad_s]
tests/quantum/test_segmented_qrt.py::test_invalid_dimensions_frequencies_and_boundary_states_are_rejected[changes8-physical]
tests/quantum/test_segmented_qrt.py::test_invalid_dimensions_frequencies_and_boundary_states_are_rejected[changes9-physical]
tests/quantum/test_segmented_qrt.py::test_invalid_dimensions_frequencies_and_boundary_states_are_rejected[changes10-physical]
tests/quantum/test_segmented_qrt.py::test_invalid_dimensions_frequencies_and_boundary_states_are_rejected[changes11-boundary_state]
tests/quantum/test_segmented_transport.py::test_independent_density_qrt_and_driven_response[offsets0]
tests/quantum/test_segmented_transport.py::test_independent_density_qrt_and_driven_response[offsets1]
tests/quantum/test_segmented_transport.py::test_dark_ordering_keeps_signed_roundoff_and_analytic_finite_residence
tests/quantum/test_segmented_transport.py::test_exact_segment_composition_and_seconds_rescaling
tests/quantum/test_segmented_transport.py::test_identity_has_no_internal_noise_and_no_jumps_is_valid
tests/quantum/test_segmented_transport.py::test_independent_raw_qrt_after_hamiltonian_and_readout_changes[2]
tests/quantum/test_segmented_transport.py::test_independent_raw_qrt_after_hamiltonian_and_readout_changes[3]
tests/quantum/test_segmented_transport.py::test_bad_contracts_rejected[duration]
tests/quantum/test_segmented_transport.py::test_bad_contracts_rejected[nonhermitian]
tests/quantum/test_segmented_transport.py::test_bad_contracts_rejected[readout]
tests/quantum/test_segmented_transport.py::test_bad_contracts_rejected[frequency]
tests/quantum/test_segmented_transport.py::test_bad_contracts_rejected[state]
tests/quantum/test_segmented_transport.py::test_bad_contracts_rejected[drive]
tests/quantum/test_segmented_transport.py::test_rb_retains_loop_doppler_and_does_not_double_count_transit
tests/quantum/test_segmented_transport.py::test_rb_phase_theorem_against_actual_resolve_and_wrong_independent_phase
tests/quantum/test_segmented_transport.py::test_boundary_omission_cannot_be_certified_by_noise_positivity
tests/quantum/test_segmented_transport.py::test_rb_audit_refuses_overwrite_before_computing
tests/quantum/test_sideband_readout.py::test_bright_seed_ideal_intensity_difference_and_equal_detection_loss[1.0]
tests/quantum/test_sideband_readout.py::test_bright_seed_ideal_intensity_difference_and_equal_detection_loss[1.7]
tests/quantum/test_sideband_readout.py::test_bright_seed_ideal_intensity_difference_and_equal_detection_loss[4.0]
tests/quantum/test_sideband_readout.py::test_bright_seed_ideal_intensity_difference_and_equal_detection_loss[15.0]
tests/quantum/test_sideband_readout.py::test_unequal_loss_balance_and_complex_detector_phase_have_analytic_noise
tests/quantum/test_sideband_readout.py::test_coherent_sql_uses_actual_means_balance_response_and_electronics_units
tests/quantum/test_sideband_readout.py::test_mode_projection_retains_orthogonal_vacuum_when_transfer_varies_in_band
tests/quantum/test_sideband_readout.py::test_top_hat_normalization_and_frequency_dependent_channel_convergence
tests/quantum/test_sideband_readout.py::test_microscopic_readout_agrees_with_direct_ordered_nambu_contraction
tests/quantum/test_sideband_readout.py::test_carrier_uses_rf_zero_and_outputs_creation_coordinate_conjugate
tests/quantum/test_sideband_readout.py::test_bad_companion_missing_mirror_uncertainty_and_zero_sql_are_rejected
tests/quantum/test_smooth_qrt.py::test_constant_envelope_matches_segmented_exponential[0.0]
tests/quantum/test_smooth_qrt.py::test_constant_envelope_matches_segmented_exponential[0.73]
tests/quantum/test_smooth_qrt.py::test_constant_envelope_matches_segmented_exponential[-1.2]
tests/quantum/test_smooth_qrt.py::test_smooth_noncommuting_drive_matches_centered_physical_time_qrt
tests/quantum/test_smooth_qrt.py::test_seconds_rescaling_preserves_envelope_clock_and_pulse_units
tests/quantum/test_smooth_qrt.py::test_frequency_batch_shares_one_density_and_matches_individual_rows
tests/quantum/test_smooth_qrt.py::test_identity_offset_changes_raw_moments_and_mean_but_not_connected_noise
tests/quantum/test_smooth_qrt.py::test_identity_readout_retains_poisson_arrival_number_noise
tests/quantum/test_smooth_qrt.py::test_damped_lowering_has_exact_finite_lorentzian_window
tests/quantum/test_smooth_qrt.py::test_short_smooth_physical_rb85_d1_against_centered_qrt
tests/quantum/test_smooth_qrt.py::test_invalid_inputs_are_rejected[changes0-h0]
tests/quantum/test_smooth_qrt.py::test_invalid_inputs_are_rejected[changes1-h1]
tests/quantum/test_smooth_qrt.py::test_invalid_inputs_are_rejected[changes2-finite]
tests/quantum/test_smooth_qrt.py::test_invalid_inputs_are_rejected[changes3-Hermitian]
tests/quantum/test_smooth_qrt.py::test_invalid_inputs_are_rejected[changes4-readouts]
tests/quantum/test_smooth_qrt.py::test_invalid_inputs_are_rejected[changes5-finite]
tests/quantum/test_smooth_qrt.py::test_invalid_inputs_are_rejected[changes6-frequencies_rad_s]
tests/quantum/test_smooth_qrt.py::test_invalid_inputs_are_rejected[changes7-real]
tests/quantum/test_smooth_qrt.py::test_invalid_inputs_are_rejected[changes8-finite]
tests/quantum/test_smooth_qrt.py::test_invalid_inputs_are_rejected[changes9-frequencies_rad_s]
tests/quantum/test_smooth_qrt.py::test_invalid_inputs_are_rejected[changes10-physical]
tests/quantum/test_smooth_qrt.py::test_invalid_inputs_are_rejected[changes11-physical]
tests/quantum/test_smooth_qrt.py::test_invalid_inputs_are_rejected[changes12-physical]
tests/quantum/test_smooth_qrt.py::test_invalid_inputs_are_rejected[changes13-boundary_state]
tests/quantum/test_smooth_qrt.py::test_invalid_inputs_are_rejected[changes14-duration_s]
tests/quantum/test_smooth_qrt.py::test_invalid_inputs_are_rejected[changes15-duration_s]
tests/quantum/test_smooth_qrt.py::test_invalid_inputs_are_rejected[changes16-finite]
tests/quantum/test_smooth_qrt.py::test_invalid_inputs_are_rejected[changes17-real]
tests/quantum/test_smooth_qrt.py::test_invalid_inputs_are_rejected[changes18-scalar]
tests/quantum/test_smooth_qrt.py::test_invalid_inputs_are_rejected[changes19-max_step_s]
tests/quantum/test_smooth_qrt.py::test_invalid_inputs_are_rejected[changes20-finite]
tests/quantum/test_smooth_qrt.py::test_invalid_inputs_are_rejected[changes21-rtol]
tests/quantum/test_smooth_qrt.py::test_invalid_inputs_are_rejected[changes22-rtol]
tests/quantum/test_smooth_qrt.py::test_invalid_inputs_are_rejected[changes23-atol]
tests/quantum/test_smooth_qrt.py::test_invalid_inputs_are_rejected[changes24-finite]
tests/quantum/test_smooth_qrt.py::test_invalid_inputs_are_rejected[changes25-real]
tests/quantum/test_smooth_qrt.py::test_invalid_inputs_are_rejected[changes26-scalar]
tests/quantum/test_smooth_qrt.py::test_invalid_callback_and_reservoir_types_are_rejected[changes0-callable]
tests/quantum/test_smooth_qrt.py::test_invalid_callback_and_reservoir_types_are_rejected[changes1-ExplicitReservoirs]
tests/quantum/test_smooth_qrt.py::test_callback_is_validated_during_propagation
tests/quantum/test_smooth_transport.py::test_smooth_qrts_source_covariance_and_complex_response[2]
tests/quantum/test_smooth_transport.py::test_smooth_qrts_source_covariance_and_complex_response[3]
tests/quantum/test_smooth_transport.py::test_constant_map_seconds_units_and_shared_rf_density
tests/quantum/test_smooth_transport.py::test_source_atomic_transpose_identity_and_frequency_batch_invariance
tests/quantum/test_smooth_transport.py::test_identity_and_closed_system_do_not_need_stationary_state
tests/quantum/test_smooth_transport.py::test_contracts[nonhermitian]
tests/quantum/test_smooth_transport.py::test_contracts[duration]
tests/quantum/test_smooth_transport.py::test_contracts[frequency]
tests/quantum/test_smooth_transport.py::test_contracts[envelope_complex]
tests/quantum/test_smooth_transport.py::test_contracts[envelope_nan]
tests/quantum/test_smooth_transport.py::test_contracts[drive]
tests/quantum/test_smooth_transport.py::test_contracts[rtol]
tests/quantum/test_smooth_transport.py::test_contracts[atol]
tests/quantum/test_smooth_transport.py::test_contracts[samples]
tests/quantum/test_smooth_transport.py::test_contracts[step]
tests/quantum/test_smooth_transport.py::test_rb_continuous_profile_matches_frozen_midpoint_only_at_midpoint
tests/quantum/test_smooth_transport.py::test_short_physical_rb_phase_theorem_survives_smooth_envelope
tests/quantum/test_smooth_transport.py::test_smooth_audit_refuses_overwrite_before_worker_creation
tests/quantum/test_source_provenance.py::test_relocation_and_lf_crlf_return_fresh_raw_audit
tests/quantum/test_source_provenance.py::test_universal_newlines_include_multiline_strings[\r]
tests/quantum/test_source_provenance.py::test_universal_newlines_include_multiline_strings[\r\n]
tests/quantum/test_source_provenance.py::test_universal_newlines_include_multiline_strings[\n]
tests/quantum/test_source_provenance.py::test_encoding_cookie_detection_uses_only_first_two_physical_lines[\r]
tests/quantum/test_source_provenance.py::test_encoding_cookie_detection_uses_only_first_two_physical_lines[\r\n]
tests/quantum/test_source_provenance.py::test_encoding_cookie_detection_uses_only_first_two_physical_lines[\n]
tests/quantum/test_source_provenance.py::test_mixed_newlines_normalize_without_splitting_other_separators
tests/quantum/test_source_provenance.py::test_any_source_edit_except_universal_newlines_changes_identity[# coding: utf-8\n# Preserve comments and coefficients.\nCOEFFICIENT = 0.126\nLABEL = "Rb \u03b1"\nTEXT = """first\nsecond"""\nESCAPED = "literal \\r\\n"\n]
tests/quantum/test_source_provenance.py::test_any_source_edit_except_universal_newlines_changes_identity[# coding: utf-8\n# Preserve comments and coefficients.\nCOEFFICIENT = 1/8\nLABEL = "Rb \u03b1"\nTEXT = """first\nsecond"""\nESCAPED = "literal \\r\\n"\n]
tests/quantum/test_source_provenance.py::test_any_source_edit_except_universal_newlines_changes_identity[# coding: utf-8\n# Preserve comments and coefficients.\nCOEFFICIENT = 0.125\nLABEL = "Rb \u03b2"\nTEXT = """first\nsecond"""\nESCAPED = "literal \\r\\n"\n]
tests/quantum/test_source_provenance.py::test_any_source_edit_except_universal_newlines_changes_identity[# coding: utf-8\n# Preserve comments and coefficients.\nCOEFFICIENT = 0.125\nLABEL = "Rb \u03b1"\nTEXT = """first\nthird"""\nESCAPED = "literal \\r\\n"\n]
tests/quantum/test_source_provenance.py::test_any_source_edit_except_universal_newlines_changes_identity[# coding: utf-8\n# Preserve comments and coefficients.\nCOEFFICIENT = 0.125\nLABEL = "Rb \u03b1"\nTEXT = """first\nsecond"""\nESCAPED = "literal \\n"\n]
tests/quantum/test_source_provenance.py::test_any_source_edit_except_universal_newlines_changes_identity[# coding: utf-8\n# Preserve comments and coefficients.\nCOEFFICIENT = 0.125\nLABEL = 'Rb \u03b1'\nTEXT = """first\nsecond"""\nESCAPED = "literal \\r\\n"\n]
tests/quantum/test_source_provenance.py::test_any_source_edit_except_universal_newlines_changes_identity[# coding: utf-8\n# Keep comments and coefficients.\nCOEFFICIENT = 0.125\nLABEL = "Rb \u03b1"\nTEXT = """first\nsecond"""\nESCAPED = "literal \\r\\n"\n]
tests/quantum/test_source_provenance.py::test_any_source_edit_except_universal_newlines_changes_identity[# coding: utf-8\n# Preserve comments and coefficients.\nCOEFFICIENT  = 0.125\nLABEL = "Rb \u03b1"\nTEXT = """first\nsecond"""\nESCAPED = "literal \\r\\n"\n]
tests/quantum/test_source_provenance.py::test_any_source_edit_except_universal_newlines_changes_identity[# coding: utf-8\n# Preserve comments and coefficients.\nCOEFFICIENT = 0.125 \nLABEL = "Rb \u03b1"\nTEXT = """first\nsecond"""\nESCAPED = "literal \\r\\n"\n]
tests/quantum/test_source_provenance.py::test_any_source_edit_except_universal_newlines_changes_identity[# coding: utf-8\n# Preserve comments and coefficients.\nCOEFFICIENT = 0.125\nLABEL = "Rb \u03b1"\nTEXT = """first\nsecond"""\nESCAPED = "literal \\r\\n"\n\n]
tests/quantum/test_source_provenance.py::test_any_source_edit_except_universal_newlines_changes_identity[# coding: utf-8\n# Preserve comments and coefficients.\nCOEFFICIENT = 0.125\nLABEL = "Rb \u03b1"\nTEXT = """first\nsecond"""\nESCAPED = "literal \\r\\n"]
tests/quantum/test_source_provenance.py::test_any_source_edit_except_universal_newlines_changes_identity[# coding: utf-8\n# Preserve comments and coefficients.\nCOEFFICIENT = 0.125\nLABEL = "Rb \u03b1\u2028"\nTEXT = """first\nsecond"""\nESCAPED = "literal \\r\\n"\n]
tests/quantum/test_source_provenance.py::test_deletion_is_rejected
tests/quantum/test_source_provenance.py::test_only_explicit_paths_are_captured_in_stable_order
tests/quantum/test_source_provenance.py::test_missing_unsafe_non_python_or_duplicate_paths_are_rejected[paths0]
tests/quantum/test_source_provenance.py::test_missing_unsafe_non_python_or_duplicate_paths_are_rejected[None]
tests/quantum/test_source_provenance.py::test_missing_unsafe_non_python_or_duplicate_paths_are_rejected[physics/model.py0]
tests/quantum/test_source_provenance.py::test_missing_unsafe_non_python_or_duplicate_paths_are_rejected[physics/model.py1]
tests/quantum/test_source_provenance.py::test_missing_unsafe_non_python_or_duplicate_paths_are_rejected[paths4]
tests/quantum/test_source_provenance.py::test_missing_unsafe_non_python_or_duplicate_paths_are_rejected[paths5]
tests/quantum/test_source_provenance.py::test_missing_unsafe_non_python_or_duplicate_paths_are_rejected[paths6]
tests/quantum/test_source_provenance.py::test_missing_unsafe_non_python_or_duplicate_paths_are_rejected[paths7]
tests/quantum/test_source_provenance.py::test_missing_unsafe_non_python_or_duplicate_paths_are_rejected[paths8]
tests/quantum/test_source_provenance.py::test_missing_unsafe_non_python_or_duplicate_paths_are_rejected[paths9]
tests/quantum/test_source_provenance.py::test_missing_unsafe_non_python_or_duplicate_paths_are_rejected[paths10]
tests/quantum/test_source_provenance.py::test_missing_unsafe_non_python_or_duplicate_paths_are_rejected[paths11]
tests/quantum/test_source_provenance.py::test_missing_unsafe_non_python_or_duplicate_paths_are_rejected[paths12]
tests/quantum/test_source_provenance.py::test_missing_unsafe_non_python_or_duplicate_paths_are_rejected[paths13]
tests/quantum/test_source_provenance.py::test_missing_unsafe_non_python_or_duplicate_paths_are_rejected[paths14]
tests/quantum/test_source_provenance.py::test_missing_unsafe_non_python_or_duplicate_paths_are_rejected[paths15]
tests/quantum/test_source_provenance.py::test_missing_unsafe_non_python_or_duplicate_paths_are_rejected[paths16]
tests/quantum/test_source_provenance.py::test_missing_unsafe_non_python_or_duplicate_paths_are_rejected[paths17]
tests/quantum/test_source_provenance.py::test_missing_unsafe_non_python_or_duplicate_paths_are_rejected[paths18]
tests/quantum/test_source_provenance.py::test_missing_unsafe_non_python_or_duplicate_paths_are_rejected[paths19]
tests/quantum/test_source_provenance.py::test_missing_unsafe_non_python_or_duplicate_paths_are_rejected[paths20]
tests/quantum/test_source_provenance.py::test_missing_unsafe_non_python_or_duplicate_paths_are_rejected[paths21]
tests/quantum/test_source_provenance.py::test_missing_unsafe_non_python_or_duplicate_paths_are_rejected[paths22]
tests/quantum/test_source_provenance.py::test_missing_unsafe_non_python_or_duplicate_paths_are_rejected[paths23]
tests/quantum/test_source_provenance.py::test_missing_unsafe_non_python_or_duplicate_paths_are_rejected[paths24]
tests/quantum/test_source_provenance.py::test_missing_unsafe_non_python_or_duplicate_paths_are_rejected[paths25]
tests/quantum/test_source_provenance.py::test_missing_unsafe_non_python_or_duplicate_paths_are_rejected[paths26]
tests/quantum/test_source_provenance.py::test_missing_unsafe_non_python_or_duplicate_paths_are_rejected[paths27]
tests/quantum/test_source_provenance.py::test_missing_unsafe_non_python_or_duplicate_paths_are_rejected[paths28]
tests/quantum/test_source_provenance.py::test_missing_unsafe_non_python_or_duplicate_paths_are_rejected[paths29]
tests/quantum/test_source_provenance.py::test_missing_unsafe_non_python_or_duplicate_paths_are_rejected[paths30]
tests/quantum/test_source_provenance.py::test_missing_root_and_directories_are_rejected
tests/quantum/test_source_provenance.py::test_symlink_escape_is_rejected[False]
tests/quantum/test_source_provenance.py::test_symlink_escape_is_rejected[True]
tests/quantum/test_source_provenance.py::test_internal_symlink_is_allowed_but_alias_duplicates_are_rejected
tests/quantum/test_source_provenance.py::test_hardlink_alias_duplicates_are_rejected
tests/quantum/test_source_provenance.py::test_requires_decodable_compilable_python[def broken(:\n]
tests/quantum/test_source_provenance.py::test_requires_decodable_compilable_python[return 1\n]
tests/quantum/test_source_provenance.py::test_requires_decodable_compilable_python[value = 1\x00\n]
tests/quantum/test_source_provenance.py::test_requires_decodable_compilable_python[label = "\xff"\n]
tests/quantum/test_source_provenance.py::test_requires_decodable_compilable_python[# coding: unknown-codec\nx = 1\n]
tests/quantum/test_source_provenance.py::test_requires_decodable_compilable_python[\xef\xbb\xbf# coding: latin-1\nx = 1\n]
tests/quantum/test_source_provenance.py::test_encoding_detection_and_utf8_normalized_byte_counts[latin-1]
tests/quantum/test_source_provenance.py::test_encoding_detection_and_utf8_normalized_byte_counts[utf-8-sig]
tests/quantum/test_source_provenance.py::test_empty_python_source_is_valid
tests/quantum/test_source_provenance.py::test_noncanonical_encoding_cannot_hide_source_edits
tests/quantum/test_source_provenance.py::test_capture_compiles_without_executing_or_importing_sources
tests/quantum/test_source_provenance.py::test_module_loads_independently_of_gabes_imports
tests/quantum/test_source_provenance.py::test_manifest_schema_shape_and_digest_corruption_is_rejected[schema-legacy]
tests/quantum/test_source_provenance.py::test_manifest_schema_shape_and_digest_corruption_is_rejected[schema-1]
tests/quantum/test_source_provenance.py::test_manifest_schema_shape_and_digest_corruption_is_rejected[source_sha256-0000000000000000000000000000000000000000000000000000000000000000]
tests/quantum/test_source_provenance.py::test_manifest_schema_shape_and_digest_corruption_is_rejected[manifest_sha256-0000000000000000000000000000000000000000000000000000000000000000]
tests/quantum/test_source_provenance.py::test_manifest_schema_shape_and_digest_corruption_is_rejected[source_sha256-XXXXXXXXXXXXXXXXXXXXXXXXXXXXXXXXXXXXXXXXXXXXXXXXXXXXXXXXXXXXXXXX]
tests/quantum/test_source_provenance.py::test_manifest_schema_shape_and_digest_corruption_is_rejected[manifest_sha256-None]
tests/quantum/test_source_provenance.py::test_manifest_schema_shape_and_digest_corruption_is_rejected[files-value6]
tests/quantum/test_source_provenance.py::test_manifest_schema_shape_and_digest_corruption_is_rejected[files-value7]
tests/quantum/test_source_provenance.py::test_manifest_schema_shape_and_digest_corruption_is_rejected[files-value8]
tests/quantum/test_source_provenance.py::test_record_metadata_and_digest_tampering_is_rejected[path-../escape.py]
tests/quantum/test_source_provenance.py::test_record_metadata_and_digest_tampering_is_rejected[path-renamed.py]
tests/quantum/test_source_provenance.py::test_record_metadata_and_digest_tampering_is_rejected[path-model.txt]
tests/quantum/test_source_provenance.py::test_record_metadata_and_digest_tampering_is_rejected[raw_sha256-0000000000000000000000000000000000000000000000000000000000000000]
tests/quantum/test_source_provenance.py::test_record_metadata_and_digest_tampering_is_rejected[normalized_sha256-0000000000000000000000000000000000000000000000000000000000000000]
tests/quantum/test_source_provenance.py::test_record_metadata_and_digest_tampering_is_rejected[raw_sha256-GGGGGGGGGGGGGGGGGGGGGGGGGGGGGGGGGGGGGGGGGGGGGGGGGGGGGGGGGGGGGGGG]
tests/quantum/test_source_provenance.py::test_record_metadata_and_digest_tampering_is_rejected[normalized_sha256-abc]
tests/quantum/test_source_provenance.py::test_record_metadata_and_digest_tampering_is_rejected[raw_bytes-999]
tests/quantum/test_source_provenance.py::test_record_metadata_and_digest_tampering_is_rejected[raw_bytes--1]
tests/quantum/test_source_provenance.py::test_record_metadata_and_digest_tampering_is_rejected[raw_bytes-True]
tests/quantum/test_source_provenance.py::test_record_metadata_and_digest_tampering_is_rejected[normalized_bytes-999]
tests/quantum/test_source_provenance.py::test_record_metadata_and_digest_tampering_is_rejected[normalized_bytes-1.0]
tests/quantum/test_source_provenance.py::test_record_metadata_and_digest_tampering_is_rejected[encoding-latin-1]
tests/quantum/test_source_provenance.py::test_record_metadata_and_digest_tampering_is_rejected[encoding-unknown-codec]
tests/quantum/test_source_provenance.py::test_record_metadata_and_digest_tampering_is_rejected[encoding-]
tests/quantum/test_source_provenance.py::test_record_metadata_and_digest_tampering_is_rejected[encoding-None]
tests/quantum/test_source_provenance.py::test_record_metadata_and_digest_tampering_is_rejected[encoding-base64]
tests/quantum/test_source_provenance.py::test_manifest_missing_extra_duplicate_and_unsorted_records_are_rejected
tests/quantum/test_spatial.py::test_jump_diffusion_independently_matches_full_adjoint_product_rule
tests/quantum/test_spatial.py::test_two_irrational_frequencies_match_independent_history_and_qrt
tests/quantum/test_spatial.py::test_zero_modulation_matches_shifted_stationary_spectra_without_folding
tests/quantum/test_spatial.py::test_lesser_reflects_both_lattice_indices_and_frequency
tests/quantum/test_spatial.py::test_independent_phase_origins_rotate_mean_and_cross_spectra
tests/quantum/test_spatial.py::test_static_grating_requires_phase_selection_not_torus_average
tests/quantum/test_spatial.py::test_insufficient_mean_cutoff_is_rejected_instead_of_psd_repaired
tests/quantum/test_spatial.py::test_bad_coordinates_and_noninteger_cutoffs_are_rejected
tests/quantum/test_spatial.py::test_nonclosed_rb_geometry_keeps_both_moving_frequencies_and_lab_coordinates
tests/quantum/test_spatial.py::test_closed_rb_quotient_reuses_the_existing_solver_without_duplicate_modes
tests/quantum/test_spatial.py::test_rb_spatial_grating_matches_independent_period_qrt_projection
tests/quantum/test_spatial.py::test_nondecaying_response_lattice_is_rejected
tests/quantum/test_spatial.py::test_audit_will_not_overwrite_an_existing_scientific_artifact
tests/quantum/test_spatial_field.py::test_profiles_are_normalized_without_hidden_rescaling
tests/quantum/test_spatial_field.py::test_original_optical_phases_and_independent_time_qrt_match_projected_M_D
tests/quantum/test_spatial_field.py::test_reference_area_is_a_normalization_coordinate_not_a_fit_parameter
tests/quantum/test_spatial_field.py::test_splitting_the_same_area_element_does_not_add_correlated_noise
tests/quantum/test_spatial_field.py::test_collinear_quotient_matches_existing_mean_and_field
tests/quantum/test_spatial_field.py::test_dc_local_generator_is_the_derivative_of_the_projected_nonlinear_mean
tests/quantum/test_spatial_field.py::test_nonclosed_cell_preserves_field_commutator_and_physical_readout
tests/quantum/test_spatial_field.py::test_dc_cell_transfer_is_nonlinear_mean_map_tangent
tests/quantum/test_spatial_field.py::test_no_atoms_and_zero_length_return_vacuum_shot_noise[True]
tests/quantum/test_spatial_field.py::test_no_atoms_and_zero_length_return_vacuum_shot_noise[False]
tests/quantum/test_spatial_field.py::test_transport_and_double_counted_mismatch_are_explicitly_rejected
tests/quantum/test_spatial_field.py::test_Q_to_zero_limit_is_continuous_at_fixed_physical_aperture
tests/quantum/test_spatial_field.py::test_physical_mode_section_is_the_stationary_section_of_the_two_phase_atom
tests/quantum/test_spatial_field.py::test_spatial_field_audit_preserves_existing_artifacts
tests/quantum/test_spatial_field.py::test_positive_noise_does_not_validate_a_frozen_moving_grating
tests/quantum/test_spatial_uncertainty_audit.py::test_angle_samples_rebuild_physical_carriers_with_the_analytic_vector_derivative
tests/quantum/test_spatial_uncertainty_audit.py::test_power_samples_rebuild_atomic_drive_and_leave_fixed_inputs_and_modes_bound
tests/quantum/test_spatial_uncertainty_audit.py::test_scalar_mismatch_cannot_be_added_to_rebuilt_vector_geometry
tests/quantum/test_spatial_uncertainty_audit.py::test_real_no_atom_spatial_solver_preserves_shot_noise_for_both_uncertain_inputs
tests/quantum/test_spatial_uncertainty_audit.py::test_shared_gain_and_ratio_callback_propagates_the_full_correlated_input_covariance[-0.6]
tests/quantum/test_spatial_uncertainty_audit.py::test_shared_gain_and_ratio_callback_propagates_the_full_correlated_input_covariance[0.6]
tests/quantum/test_spatial_uncertainty_audit.py::test_cached_records_are_owned_and_separate_grids_and_tolerances_recompute
tests/quantum/test_spatial_uncertainty_audit.py::test_failed_solver_or_readout_is_not_cached_as_a_valid_uncertainty_sample[transfer]
tests/quantum/test_spatial_uncertainty_audit.py::test_failed_solver_or_readout_is_not_cached_as_a_valid_uncertainty_sample[channel]
tests/quantum/test_spatial_uncertainty_audit.py::test_failed_solver_or_readout_is_not_cached_as_a_valid_uncertainty_sample[nan_channel]
tests/quantum/test_spatial_uncertainty_audit.py::test_failed_solver_or_readout_is_not_cached_as_a_valid_uncertainty_sample[covariance]
tests/quantum/test_spatial_uncertainty_audit.py::test_failed_solver_or_readout_is_not_cached_as_a_valid_uncertainty_sample[gain]
tests/quantum/test_spatial_uncertainty_audit.py::test_failed_solver_or_readout_is_not_cached_as_a_valid_uncertainty_sample[sql]
tests/quantum/test_spatial_uncertainty_audit.py::test_failed_solver_or_readout_is_not_cached_as_a_valid_uncertainty_sample[negative_psd]
tests/quantum/test_spatial_uncertainty_audit.py::test_failed_solver_or_readout_is_not_cached_as_a_valid_uncertainty_sample[axis]
tests/quantum/test_spatial_uncertainty_audit.py::test_unavailable_or_unconverged_rf_masks_cannot_be_promoted_to_a_complete_callback[valid]
tests/quantum/test_spatial_uncertainty_audit.py::test_unavailable_or_unconverged_rf_masks_cannot_be_promoted_to_a_complete_callback[converged]
tests/quantum/test_spatial_uncertainty_audit.py::test_declared_uncertainty_model_retains_units_correlations_and_assumed_provenance
tests/quantum/test_spatial_uncertainty_audit.py::test_historical_parent_hash_mismatches_remain_explicit_without_rewriting_evidence
tests/quantum/test_spatial_uncertainty_audit.py::test_parent_must_match_stationary_geometry_and_provenance_scope[schema]
tests/quantum/test_spatial_uncertainty_audit.py::test_parent_must_match_stationary_geometry_and_provenance_scope[failed]
tests/quantum/test_spatial_uncertainty_audit.py::test_parent_must_match_stationary_geometry_and_provenance_scope[unstable]
tests/quantum/test_spatial_uncertainty_audit.py::test_parent_must_match_stationary_geometry_and_provenance_scope[moving]
tests/quantum/test_spatial_uncertainty_audit.py::test_parent_must_match_stationary_geometry_and_provenance_scope[frequency]
tests/quantum/test_spatial_uncertainty_audit.py::test_parent_must_match_stationary_geometry_and_provenance_scope[convention]
tests/quantum/test_spatial_uncertainty_audit.py::test_parent_must_match_stationary_geometry_and_provenance_scope[scalar]
tests/quantum/test_spatial_uncertainty_audit.py::test_parent_must_match_stationary_geometry_and_provenance_scope[geometry]
tests/quantum/test_spatial_uncertainty_audit.py::test_parent_must_match_stationary_geometry_and_provenance_scope[source_escape]
tests/quantum/test_spatial_uncertainty_audit.py::test_parent_detector_keeps_complex_response_electronics_and_balance_from_ledger
tests/quantum/test_spatial_uncertainty_audit.py::test_real_historical_v2_parent_loads_and_preserves_its_declared_detector
tests/quantum/test_spatial_uncertainty_audit.py::test_cli_checks_immutable_output_conflicts_before_reading_or_computing_parent[report]
tests/quantum/test_spatial_uncertainty_audit.py::test_cli_checks_immutable_output_conflicts_before_reading_or_computing_parent[plot]
tests/quantum/test_spatial_uncertainty_audit.py::test_cli_checks_immutable_output_conflicts_before_reading_or_computing_parent[same_path]
tests/quantum/test_spectrum_analysis.py::test_known_sql_crossings_converge_then_local_brackets_bound_error
tests/quantum/test_spectrum_analysis.py::test_target_db_uses_linear_ratio_threshold_and_interpolation
tests/quantum/test_spectrum_analysis.py::test_disjoint_bands_never_bridge_a_technical_noise_peak_or_equality
tests/quantum/test_spectrum_analysis.py::test_flat_squeezing_and_scan_edge_crossings_remain_domain_limited
tests/quantum/test_spectrum_analysis.py::test_missing_samples_split_bands_and_do_not_invent_crossings[nan]
tests/quantum/test_spectrum_analysis.py::test_missing_samples_split_bands_and_do_not_invent_crossings[inf]
tests/quantum/test_spectrum_analysis.py::test_missing_samples_split_bands_and_do_not_invent_crossings[-inf]
tests/quantum/test_spectrum_analysis.py::test_invalid_and_unconverged_masks_keep_separate_unavailability_counts
tests/quantum/test_spectrum_analysis.py::test_no_squeezing_is_distinct_from_partial_or_entirely_unavailable_data
tests/quantum/test_spectrum_analysis.py::test_common_electronic_lowpass_preserves_ratio_and_does_not_set_source_bandwidth
tests/quantum/test_spectrum_analysis.py::test_readout_adapter_preserves_absolute_units_and_explicit_electronics_choice
tests/quantum/test_spectrum_analysis.py::test_psd_contract_rejects_nonphysical_units_boundary_and_retains_missing_values
tests/quantum/test_spectrum_analysis.py::test_trace_owns_immutable_arrays_and_rejects_wrong_axes_or_status_inputs
tests/quantum/test_spectrum_analysis.py::test_refinement_failure_and_iteration_limit_do_not_claim_numerical_convergence
tests/quantum/test_spectrum_analysis.py::test_refinement_rejects_a_different_provider_even_at_exact_sample_crossings
tests/quantum/test_spectrum_analysis.py::test_extreme_finite_ratios_keep_interpolated_edges_inside_brackets
tests/quantum/test_thermal_campaign.py::test_native_paths_are_declared_before_any_solve
tests/quantum/test_thermal_campaign.py::test_nested_mapping_preserves_the_within_face_sobol_index[0]
tests/quantum/test_thermal_campaign.py::test_nested_mapping_preserves_the_within_face_sobol_index[1]
tests/quantum/test_thermal_campaign.py::test_nested_mapping_preserves_the_within_face_sobol_index[2]
tests/quantum/test_thermal_campaign.py::test_invalid_campaign_grid_declarations[powers0-seeds0]
tests/quantum/test_thermal_campaign.py::test_invalid_campaign_grid_declarations[powers1-seeds1]
tests/quantum/test_thermal_campaign.py::test_invalid_campaign_grid_declarations[powers2-seeds2]
tests/quantum/test_thermal_campaign.py::test_invalid_campaign_grid_declarations[powers3-seeds3]
tests/quantum/test_thermal_campaign.py::test_invalid_campaign_grid_declarations[powers4-seeds4]
tests/quantum/test_thermal_campaign.py::test_native_selection_cannot_reinterpret_a_declared_path[rate]
tests/quantum/test_thermal_campaign.py::test_native_selection_cannot_reinterpret_a_declared_path[velocity]
tests/quantum/test_thermal_campaign.py::test_native_selection_cannot_reinterpret_a_declared_path[index]
tests/quantum/test_thermal_campaign.py::test_cache_identity_reuses_native_path_but_not_different_equations
tests/quantum/test_thermal_campaign.py::test_cache_cannot_dispatch_from_live_interpreter
tests/quantum/test_thermal_campaign.py::test_packet_axis_and_complex_arrays_survive_sealed_round_trip
tests/quantum/test_thermal_campaign.py::test_cache_rejects_source_edits_and_new_dependency_inventory
tests/quantum/test_thermal_campaign.py::test_native_parameters_match_actual_solver_work[0]
tests/quantum/test_thermal_campaign.py::test_native_parameters_match_actual_solver_work[1]
tests/quantum/test_thermal_campaign.py::test_native_parameters_match_actual_solver_work[2]
tests/quantum/test_thermal_campaign.py::test_native_parameters_match_actual_solver_work[3]
tests/quantum/test_thermal_campaign.py::test_native_parameters_match_actual_solver_work[4]
tests/quantum/test_thermal_campaign.py::test_primary_cannot_be_labeled_with_a_different_solve[segments]
tests/quantum/test_thermal_campaign.py::test_primary_cannot_be_labeled_with_a_different_solve[substeps]
tests/quantum/test_thermal_campaign.py::test_primary_cannot_be_labeled_with_a_different_solve[requested]
tests/quantum/test_thermal_campaign.py::test_primary_cannot_be_labeled_with_a_different_solve[threads]
tests/quantum/test_thermal_campaign.py::test_primary_cannot_be_labeled_with_a_different_solve[synthetic]
tests/quantum/test_thermal_campaign.py::test_primary_cannot_be_labeled_with_a_different_solve[elapsed]
tests/quantum/test_thermal_campaign.py::test_reference_result_cannot_fill_a_primary_key
tests/quantum/test_thermal_campaign.py::test_source_bundle_survives_relocation_and_live_source_changes
tests/quantum/test_thermal_campaign.py::test_corrupt_archive_refused_before_extract
tests/quantum/test_thermal_campaign.py::test_duplicate_json_keys_not_accepted
tests/quantum/test_thermal_campaign.py::test_live_interpreter_cannot_publish_as_captured_execution
tests/quantum/test_thermal_campaign_batch.py::test_resume_completes_all_paths_and_preserves_old_records
tests/quantum/test_thermal_campaign_batch.py::test_corrupt_cache_refused_before_missing_jobs_run
tests/quantum/test_thermal_campaign_batch.py::test_existing_path_report_mismatch_is_never_overwritten
tests/quantum/test_thermal_campaign_batch.py::test_resealed_bad_report_references_fail_resume[empty_jobs]
tests/quantum/test_thermal_campaign_batch.py::test_resealed_bad_report_references_fail_resume[cache_hash]
tests/quantum/test_thermal_campaign_batch.py::test_resealed_bad_report_references_fail_resume[job_key]
tests/quantum/test_thermal_campaign_batch.py::test_resealed_bad_report_references_fail_resume[physical_key]
tests/quantum/test_thermal_campaign_batch.py::test_resealed_bad_report_references_fail_resume[source]
tests/quantum/test_thermal_campaign_batch.py::test_worker_failure_does_not_dispatch_the_rest_of_the_grid
tests/quantum/test_thermal_campaign_batch.py::test_failed_path_retains_failed_evidence_not_success
tests/quantum/test_thermal_campaign_batch.py::test_undeclared_grid_rejected[grid0]
tests/quantum/test_thermal_campaign_batch.py::test_undeclared_grid_rejected[grid1]
tests/quantum/test_thermal_campaign_batch.py::test_undeclared_grid_rejected[grid2]
tests/quantum/test_thermal_campaign_batch.py::test_undeclared_grid_rejected[grid3]
tests/quantum/test_thermal_campaign_batch.py::test_declared_grid_cannot_drop_uncomputed_paths[truncated]
tests/quantum/test_thermal_campaign_batch.py::test_declared_grid_cannot_drop_uncomputed_paths[empty]
tests/quantum/test_thermal_campaign_batch.py::test_declared_grid_cannot_drop_uncomputed_paths[occupancy]
tests/quantum/test_thermal_campaign_batch.py::test_report_cannot_be_written_inside_native_cache
tests/quantum/test_thermal_campaign_batch.py::test_invalid_process_count_rejected_before_loading_plan[0]
tests/quantum/test_thermal_campaign_batch.py::test_invalid_process_count_rejected_before_loading_plan[5]
tests/quantum/test_thermal_campaign_batch.py::test_invalid_process_count_rejected_before_loading_plan[True]
tests/quantum/test_thermal_campaign_batch.py::test_invalid_process_count_rejected_before_loading_plan[1.5]
tests/quantum/test_thermal_campaign_batch.py::test_live_interpreter_cannot_dispatch_batch
tests/quantum/test_thermal_campaign_batch.py::test_controller_archive_hash_uses_the_same_single_read_as_contents
tests/quantum/test_thermal_campaign_batch.py::test_launcher_copies_controller_outside_frozen_inventory
tests/quantum/test_thermal_campaign_compare.py::test_complete_comparison_rereads_evidence_and_preserves_all_input_bytes
tests/quantum/test_thermal_campaign_compare.py::test_later_refinement_keeps_within_face_offsets_instead_of_doubling_global_indices
tests/quantum/test_thermal_campaign_compare.py::test_saved_success_does_not_replace_actual_cache_evidence[missing]
tests/quantum/test_thermal_campaign_compare.py::test_saved_success_does_not_replace_actual_cache_evidence[changed_packet]
tests/quantum/test_thermal_campaign_compare.py::test_resealed_fabricated_cache_references_cannot_pass[key-ledger]
tests/quantum/test_thermal_campaign_compare.py::test_resealed_fabricated_cache_references_cannot_pass[key-aggregation]
tests/quantum/test_thermal_campaign_compare.py::test_resealed_fabricated_cache_references_cannot_pass[record_sha256-ledger]
tests/quantum/test_thermal_campaign_compare.py::test_resealed_fabricated_cache_references_cannot_pass[record_sha256-aggregation]
tests/quantum/test_thermal_campaign_compare.py::test_resealed_fabricated_cache_references_cannot_pass[payload_digest-ledger]
tests/quantum/test_thermal_campaign_compare.py::test_resealed_fabricated_cache_references_cannot_pass[payload_digest-aggregation]
tests/quantum/test_thermal_campaign_compare.py::test_resealed_rehashed_spectrum_is_checked_against_actual_packets[greater]
tests/quantum/test_thermal_campaign_compare.py::test_resealed_rehashed_spectrum_is_checked_against_actual_packets[lesser]
tests/quantum/test_thermal_campaign_compare.py::test_resealed_rehashed_spectrum_is_checked_against_actual_packets[greater_by_source]
tests/quantum/test_thermal_campaign_compare.py::test_resealed_rehashed_spectrum_is_checked_against_actual_packets[lesser_by_source]
tests/quantum/test_thermal_campaign_compare.py::test_resealed_rehashed_spectrum_is_checked_against_actual_packets[poisson_number]
tests/quantum/test_thermal_campaign_compare.py::test_resealed_rehashed_spectrum_is_checked_against_actual_packets[retarded_response]
tests/quantum/test_thermal_campaign_compare.py::test_resealed_wrong_source_digest_or_gate_cannot_be_reused[current_path_source]
tests/quantum/test_thermal_campaign_compare.py::test_resealed_wrong_source_digest_or_gate_cannot_be_reused[target_digest]
tests/quantum/test_thermal_campaign_compare.py::test_resealed_wrong_source_digest_or_gate_cannot_be_reused[physical_path_key]
tests/quantum/test_thermal_campaign_compare.py::test_resealed_wrong_source_digest_or_gate_cannot_be_reused[independent_reference]
tests/quantum/test_thermal_campaign_compare.py::test_historical_hit_flags_and_old_storage_paths_do_not_count_as_new_solves
tests/quantum/test_thermal_campaign_compare.py::test_wrong_campaign_source_or_model_is_rejected_before_cache_reads[campaign_sha256]
tests/quantum/test_thermal_campaign_compare.py::test_wrong_campaign_source_or_model_is_rejected_before_cache_reads[source_identity]
tests/quantum/test_thermal_campaign_compare.py::test_wrong_campaign_source_or_model_is_rejected_before_cache_reads[source_bundle_sha256]
tests/quantum/test_thermal_campaign_compare.py::test_wrong_campaign_source_or_model_is_rejected_before_cache_reads[model_digest]
tests/quantum/test_thermal_campaign_compare.py::test_wrong_campaign_source_or_model_is_rejected_before_cache_reads[plan_digest]
tests/quantum/test_thermal_campaign_compare.py::test_wrong_nested_map_is_detected_from_physical_paths
tests/quantum/test_thermal_campaign_compare.py::test_all_eight_raw_metrics_are_compared_bitwise[greater]
tests/quantum/test_thermal_campaign_compare.py::test_all_eight_raw_metrics_are_compared_bitwise[lesser]
tests/quantum/test_thermal_campaign_compare.py::test_all_eight_raw_metrics_are_compared_bitwise[greater_by_source]
tests/quantum/test_thermal_campaign_compare.py::test_all_eight_raw_metrics_are_compared_bitwise[lesser_by_source]
tests/quantum/test_thermal_campaign_compare.py::test_all_eight_raw_metrics_are_compared_bitwise[mean_pulse]
tests/quantum/test_thermal_campaign_compare.py::test_all_eight_raw_metrics_are_compared_bitwise[mean_outer]
tests/quantum/test_thermal_campaign_compare.py::test_all_eight_raw_metrics_are_compared_bitwise[retarded_response]
tests/quantum/test_thermal_campaign_compare.py::test_all_eight_raw_metrics_are_compared_bitwise[exit_state]
tests/quantum/test_thermal_campaign_compare.py::test_signed_zero_and_dtype_changes_are_not_bitwise_identity
tests/quantum/test_thermal_campaign_compare.py::test_split_identity_detects_missing_poisson_number_contribution
tests/quantum/test_thermal_campaign_compare.py::test_output_and_controller_archives_are_exclusive
tests/quantum/test_thermal_campaign_compare.py::test_fresh_subprocess_cannot_accept_synthetic_reports_without_actual_native_cache
tests/quantum/test_thermal_campaign_cross_compare.py::test_cross_comparison_revalidates_separate_stores_and_preserves_campaigns
tests/quantum/test_thermal_campaign_cross_compare.py::test_unchanged_campaigns_can_move_without_rewriting_historical_lineage
tests/quantum/test_thermal_campaign_cross_compare.py::test_cli_preserves_failed_split_evidence_and_returns_nonzero
tests/quantum/test_thermal_campaign_cross_compare.py::test_each_store_is_required_despite_identical_other_copy[missing-parent]
tests/quantum/test_thermal_campaign_cross_compare.py::test_each_store_is_required_despite_identical_other_copy[missing-child]
tests/quantum/test_thermal_campaign_cross_compare.py::test_each_store_is_required_despite_identical_other_copy[changed_bytes-parent]
tests/quantum/test_thermal_campaign_cross_compare.py::test_each_store_is_required_despite_identical_other_copy[changed_bytes-child]
tests/quantum/test_thermal_campaign_cross_compare.py::test_resealed_transfer_provenance_cannot_substitute_for_contract[parent]
tests/quantum/test_thermal_campaign_cross_compare.py::test_resealed_transfer_provenance_cannot_substitute_for_contract[controller]
tests/quantum/test_thermal_campaign_cross_compare.py::test_resealed_transfer_provenance_cannot_substitute_for_contract[verification]
tests/quantum/test_thermal_campaign_cross_compare.py::test_resealed_transfer_provenance_cannot_substitute_for_contract[coverage]
tests/quantum/test_thermal_campaign_cross_compare.py::test_resealed_transfer_provenance_cannot_substitute_for_contract[sources]
tests/quantum/test_thermal_campaign_cross_compare.py::test_transfer_semantics_are_checked_even_after_every_nested_seal_is_recomputed[coverage]
tests/quantum/test_thermal_campaign_cross_compare.py::test_transfer_semantics_are_checked_even_after_every_nested_seal_is_recomputed[source_origins]
tests/quantum/test_thermal_campaign_cross_compare.py::test_transfer_semantics_are_checked_even_after_every_nested_seal_is_recomputed[validated_records]
tests/quantum/test_thermal_campaign_cross_compare.py::test_mixed_equations_or_environment_fail_closed[model]
tests/quantum/test_thermal_campaign_cross_compare.py::test_mixed_equations_or_environment_fail_closed[environment]
tests/quantum/test_thermal_campaign_cross_compare.py::test_mixed_equations_or_environment_fail_closed[source_identity]
tests/quantum/test_thermal_campaign_cross_compare.py::test_mixed_equations_or_environment_fail_closed[source_manifest]
tests/quantum/test_thermal_campaign_cross_compare.py::test_mixed_equations_or_environment_fail_closed[path_budgets]
tests/quantum/test_thermal_campaign_cross_compare.py::test_mixed_equations_or_environment_fail_closed[max_steps_s]
tests/quantum/test_thermal_campaign_cross_compare.py::test_resealed_unbound_grid_or_fabricated_evidence_is_rejected[campaign_sha256]
tests/quantum/test_thermal_campaign_cross_compare.py::test_resealed_unbound_grid_or_fabricated_evidence_is_rejected[source_bundle_sha256]
tests/quantum/test_thermal_campaign_cross_compare.py::test_resealed_unbound_grid_or_fabricated_evidence_is_rejected[model_digest]
tests/quantum/test_thermal_campaign_cross_compare.py::test_resealed_unbound_grid_or_fabricated_evidence_is_rejected[current_path_source]
tests/quantum/test_thermal_campaign_cross_compare.py::test_resealed_unbound_grid_or_fabricated_evidence_is_rejected[spectrum]
tests/quantum/test_thermal_campaign_cross_compare.py::test_capsule_marker_raw_sources_and_controller_bytes_are_bound[marker-0]
tests/quantum/test_thermal_campaign_cross_compare.py::test_capsule_marker_raw_sources_and_controller_bytes_are_bound[marker-1]
tests/quantum/test_thermal_campaign_cross_compare.py::test_capsule_marker_raw_sources_and_controller_bytes_are_bound[source-0]
tests/quantum/test_thermal_campaign_cross_compare.py::test_capsule_marker_raw_sources_and_controller_bytes_are_bound[source-1]
tests/quantum/test_thermal_campaign_cross_compare.py::test_capsule_marker_raw_sources_and_controller_bytes_are_bound[controller-0]
tests/quantum/test_thermal_campaign_cross_compare.py::test_capsule_marker_raw_sources_and_controller_bytes_are_bound[controller-1]
tests/quantum/test_thermal_campaign_cross_compare.py::test_parent_capsule_audit_cannot_be_relabelled_as_child
tests/quantum/test_thermal_campaign_cross_compare.py::test_final_byte_checks_reject_changes_after_all_numerical_reads[packet]
tests/quantum/test_thermal_campaign_cross_compare.py::test_final_byte_checks_reject_changes_after_all_numerical_reads[plan]
tests/quantum/test_thermal_campaign_cross_compare.py::test_final_byte_checks_reject_changes_after_all_numerical_reads[report]
tests/quantum/test_thermal_campaign_cross_compare.py::test_final_byte_checks_reject_changes_after_all_numerical_reads[zip]
tests/quantum/test_thermal_campaign_cross_compare.py::test_final_byte_checks_reject_changes_after_all_numerical_reads[lineage]
tests/quantum/test_thermal_campaign_cross_compare.py::test_final_byte_checks_reject_changes_after_all_numerical_reads[controller]
tests/quantum/test_thermal_campaign_cross_compare.py::test_wrong_nested_mapping_is_rejected_across_stores
tests/quantum/test_thermal_campaign_cross_compare.py::test_cross_pair_loop_independently_compares_all_eight_raw_metrics[greater]
tests/quantum/test_thermal_campaign_cross_compare.py::test_cross_pair_loop_independently_compares_all_eight_raw_metrics[lesser]
tests/quantum/test_thermal_campaign_cross_compare.py::test_cross_pair_loop_independently_compares_all_eight_raw_metrics[greater_by_source]
tests/quantum/test_thermal_campaign_cross_compare.py::test_cross_pair_loop_independently_compares_all_eight_raw_metrics[lesser_by_source]
tests/quantum/test_thermal_campaign_cross_compare.py::test_cross_pair_loop_independently_compares_all_eight_raw_metrics[mean_pulse]
tests/quantum/test_thermal_campaign_cross_compare.py::test_cross_pair_loop_independently_compares_all_eight_raw_metrics[mean_outer]
tests/quantum/test_thermal_campaign_cross_compare.py::test_cross_pair_loop_independently_compares_all_eight_raw_metrics[retarded_response]
tests/quantum/test_thermal_campaign_cross_compare.py::test_cross_pair_loop_independently_compares_all_eight_raw_metrics[exit_state]
tests/quantum/test_thermal_campaign_cross_compare.py::test_pair_loop_reads_both_stores_when_current_path_sources_are_identical
tests/quantum/test_thermal_campaign_cross_compare.py::test_later_nested_map_preserves_within_face_offset_and_rejects_nonconsecutive
tests/quantum/test_thermal_campaign_cross_compare.py::test_no_overwrite_and_no_campaign_archive_mutations
tests/quantum/test_thermal_campaign_cross_compare.py::test_real_fresh_subprocess_reaches_native_cache_reread_before_rejecting_fixture
tests/quantum/test_thermal_campaign_ensemble.py::test_three_power_one_seed_subset_is_valid_but_cannot_certify_thermal_convergence
tests/quantum/test_thermal_campaign_ensemble.py::test_complete_same_plan_three_by_three_can_pass_the_real_gate
tests/quantum/test_thermal_campaign_ensemble.py::test_failed_available_edge_is_reported_while_missing_seeds_withhold_formal_gate
tests/quantum/test_thermal_campaign_ensemble.py::test_missing_middle_power_does_not_invent_a_consecutive_refinement
tests/quantum/test_thermal_campaign_ensemble.py::test_subset_with_two_seeds_measures_both_directed_scramble_comparisons
tests/quantum/test_thermal_campaign_ensemble.py::test_missing_or_duplicate_inputs_cannot_create_an_audit[empty]
tests/quantum/test_thermal_campaign_ensemble.py::test_missing_or_duplicate_inputs_cannot_create_an_audit[missing_file]
tests/quantum/test_thermal_campaign_ensemble.py::test_missing_or_duplicate_inputs_cannot_create_an_audit[duplicate_file]
tests/quantum/test_thermal_campaign_ensemble.py::test_missing_or_duplicate_inputs_cannot_create_an_audit[duplicate_grid]
tests/quantum/test_thermal_campaign_ensemble.py::test_resealed_misbound_report_is_rejected[campaign_sha256]
tests/quantum/test_thermal_campaign_ensemble.py::test_resealed_misbound_report_is_rejected[source_identity]
tests/quantum/test_thermal_campaign_ensemble.py::test_resealed_misbound_report_is_rejected[source_bundle_sha256]
tests/quantum/test_thermal_campaign_ensemble.py::test_resealed_misbound_report_is_rejected[model_digest]
tests/quantum/test_thermal_campaign_ensemble.py::test_resealed_misbound_report_is_rejected[plan_digest]
tests/quantum/test_thermal_campaign_ensemble.py::test_resealed_misbound_report_is_rejected[target_digest]
tests/quantum/test_thermal_campaign_ensemble.py::test_resealed_misbound_report_is_rejected[current_path_source]
tests/quantum/test_thermal_campaign_ensemble.py::test_forged_cache_metadata_is_not_trusted_even_with_valid_report_seals[ledger-key]
tests/quantum/test_thermal_campaign_ensemble.py::test_forged_cache_metadata_is_not_trusted_even_with_valid_report_seals[ledger-record_sha256]
tests/quantum/test_thermal_campaign_ensemble.py::test_forged_cache_metadata_is_not_trusted_even_with_valid_report_seals[ledger-payload_digest]
tests/quantum/test_thermal_campaign_ensemble.py::test_forged_cache_metadata_is_not_trusted_even_with_valid_report_seals[aggregation-key]
tests/quantum/test_thermal_campaign_ensemble.py::test_forged_cache_metadata_is_not_trusted_even_with_valid_report_seals[aggregation-record_sha256]
tests/quantum/test_thermal_campaign_ensemble.py::test_forged_cache_metadata_is_not_trusted_even_with_valid_report_seals[aggregation-payload_digest]
tests/quantum/test_thermal_campaign_ensemble.py::test_forged_grid_controller_metadata_is_rejected[archive]
tests/quantum/test_thermal_campaign_ensemble.py::test_forged_grid_controller_metadata_is_rejected[raw_bytes]
tests/quantum/test_thermal_campaign_ensemble.py::test_forged_grid_controller_metadata_is_rejected[raw_sha256]
tests/quantum/test_thermal_campaign_ensemble.py::test_incomplete_or_fabricated_evidence_cannot_claim_convergence[claimed_convergence]
tests/quantum/test_thermal_campaign_ensemble.py::test_incomplete_or_fabricated_evidence_cannot_claim_convergence[forged_gate]
tests/quantum/test_thermal_campaign_ensemble.py::test_incomplete_or_fabricated_evidence_cannot_claim_convergence[incomplete_ledger]
tests/quantum/test_thermal_campaign_ensemble.py::test_incomplete_or_fabricated_evidence_cannot_claim_convergence[altered_spectrum]
tests/quantum/test_thermal_campaign_ensemble.py::test_actual_cache_is_revalidated_without_repair_or_native_solve[missing]
tests/quantum/test_thermal_campaign_ensemble.py::test_actual_cache_is_revalidated_without_repair_or_native_solve[changed]
tests/quantum/test_thermal_campaign_ensemble.py::test_actual_cache_is_revalidated_without_repair_or_native_solve[failed_reference]
tests/quantum/test_thermal_campaign_ensemble.py::test_diagnostics_use_current_scales_without_rewriting_the_formal_gate
tests/quantum/test_thermal_campaign_ensemble.py::test_loaded_source_outside_capsule_or_manifest_is_rejected
tests/quantum/test_thermal_campaign_ensemble.py::test_existing_output_and_changed_controller_archives_are_never_overwritten
tests/quantum/test_thermal_campaign_ensemble.py::test_controller_hash_request_must_bind_all_three_dependencies
tests/quantum/test_thermal_campaign_ensemble.py::test_fresh_frozen_subprocess_rejects_synthetic_reports_without_native_cache
tests/quantum/test_thermal_campaign_extend.py::test_link_count_policy_preserves_files_and_exclusive_destination[0]
tests/quantum/test_thermal_campaign_extend.py::test_link_count_policy_preserves_files_and_exclusive_destination[1]
tests/quantum/test_thermal_campaign_extend.py::test_link_count_policy_preserves_files_and_exclusive_destination[2]
tests/quantum/test_thermal_campaign_extend.py::test_link_count_zero_does_not_allow_symlinks_or_nonregular_files[symlink]
tests/quantum/test_thermal_campaign_extend.py::test_link_count_zero_does_not_allow_symlinks_or_nonregular_files[directory]
tests/quantum/test_thermal_campaign_extend.py::test_exact_transfer_preserves_parent_bytes_and_rebinds_only_new_declaration[native]
tests/quantum/test_thermal_campaign_extend.py::test_exact_transfer_preserves_parent_bytes_and_rebinds_only_new_declaration[link_count_zero]
tests/quantum/test_thermal_campaign_extend.py::test_append_only_parent_arrivals_after_snapshot_are_not_mutation_or_extra_imports
tests/quantum/test_thermal_campaign_extend.py::test_resealed_request_coverage_must_match_staged_declaration[requested_powers]
tests/quantum/test_thermal_campaign_extend.py::test_resealed_request_coverage_must_match_staged_declaration[required_seeds]
tests/quantum/test_thermal_campaign_extend.py::test_resealed_request_coverage_must_match_staged_declaration[missing_native_keys]
tests/quantum/test_thermal_campaign_extend.py::test_resealed_exclusion_cannot_hide_a_compatible_captured_record
tests/quantum/test_thermal_campaign_extend.py::test_captured_present_records_cannot_be_repaired_or_silently_skipped[corrupt]
tests/quantum/test_thermal_campaign_extend.py::test_captured_present_records_cannot_be_repaired_or_silently_skipped[missing_after_snapshot]
tests/quantum/test_thermal_campaign_extend.py::test_captured_present_records_cannot_be_repaired_or_silently_skipped[changed_after_snapshot]
tests/quantum/test_thermal_campaign_extend.py::test_resealed_parent_inconsistency_is_rejected_including_uncached_grids[environment]
tests/quantum/test_thermal_campaign_extend.py::test_resealed_parent_inconsistency_is_rejected_including_uncached_grids[model]
tests/quantum/test_thermal_campaign_extend.py::test_resealed_parent_inconsistency_is_rejected_including_uncached_grids[source_identity]
tests/quantum/test_thermal_campaign_extend.py::test_resealed_parent_inconsistency_is_rejected_including_uncached_grids[grid_count]
tests/quantum/test_thermal_campaign_extend.py::test_resealed_parent_inconsistency_is_rejected_including_uncached_grids[rate]
tests/quantum/test_thermal_campaign_extend.py::test_resealed_parent_inconsistency_is_rejected_including_uncached_grids[coordinates]
tests/quantum/test_thermal_campaign_extend.py::test_resealed_parent_inconsistency_is_rejected_including_uncached_grids[occupancy]
tests/quantum/test_thermal_campaign_extend.py::test_resealed_target_grid_damage_is_detected_before_publication
tests/quantum/test_thermal_campaign_extend.py::test_resealed_cache_inconsistency_cannot_be_imported[native_parameters]
tests/quantum/test_thermal_campaign_extend.py::test_resealed_cache_inconsistency_cannot_be_imported[model_identity]
tests/quantum/test_thermal_campaign_extend.py::test_resealed_cache_inconsistency_cannot_be_imported[source_manifest]
tests/quantum/test_thermal_campaign_extend.py::test_source_zip_and_launch_controller_hashes_are_bound
tests/quantum/test_thermal_campaign_extend.py::test_declaration_must_be_valid_and_finer[powers0]
tests/quantum/test_thermal_campaign_extend.py::test_declaration_must_be_valid_and_finer[powers1]
tests/quantum/test_thermal_campaign_extend.py::test_declaration_must_be_valid_and_finer[powers2]
tests/quantum/test_thermal_campaign_extend.py::test_declaration_must_be_valid_and_finer[powers3]
tests/quantum/test_thermal_campaign_extend.py::test_existing_and_parent_nested_targets_are_rejected_without_changes
tests/quantum/test_thermal_campaign_extend.py::test_failure_during_second_packet_copy_never_publishes_partial_campaign
tests/quantum/test_thermal_campaign_extend.py::test_destination_race_is_exclusive_and_preserves_external_target
tests/quantum/test_thermal_campaign_extend.py::test_real_fresh_parent_subprocess_rejects_synthetic_native_evidence
tests/quantum/test_thermal_campaign_extend.py::test_empty_campaign_extension_passes_both_real_capsules_without_any_native_solve
tests/quantum/test_thermal_campaign_extend.py::test_verification_must_use_target_marker_not_parent_marker
tests/quantum/test_thermal_campaign_grid.py::test_complete_grid_is_sealed_read_only_and_cannot_claim_ensemble_convergence
tests/quantum/test_thermal_campaign_grid.py::test_nested_cache_reuse_rebinds_path_sources_and_keeps_current_rates
tests/quantum/test_thermal_campaign_grid.py::test_every_rf_source_number_and_response_output_controls_direct_check[greater]
tests/quantum/test_thermal_campaign_grid.py::test_every_rf_source_number_and_response_output_controls_direct_check[lesser]
tests/quantum/test_thermal_campaign_grid.py::test_every_rf_source_number_and_response_output_controls_direct_check[greater_by_source]
tests/quantum/test_thermal_campaign_grid.py::test_every_rf_source_number_and_response_output_controls_direct_check[lesser_by_source]
tests/quantum/test_thermal_campaign_grid.py::test_every_rf_source_number_and_response_output_controls_direct_check[poisson_number]
tests/quantum/test_thermal_campaign_grid.py::test_every_rf_source_number_and_response_output_controls_direct_check[retarded_response]
tests/quantum/test_thermal_campaign_grid.py::test_incomplete_or_failed_five_calculation_evidence_withholds_entire_grid[missing]
tests/quantum/test_thermal_campaign_grid.py::test_incomplete_or_failed_five_calculation_evidence_withholds_entire_grid[primary]
tests/quantum/test_thermal_campaign_grid.py::test_incomplete_or_failed_five_calculation_evidence_withholds_entire_grid[independent]
tests/quantum/test_thermal_campaign_grid.py::test_incomplete_or_failed_five_calculation_evidence_withholds_entire_grid[local_audit]
tests/quantum/test_thermal_campaign_grid.py::test_changed_packet_between_path_gate_and_independent_read_cannot_pass
tests/quantum/test_thermal_campaign_grid.py::test_direct_audit_failure_withholds_spectrum_even_after_passing_path_gates
tests/quantum/test_thermal_campaign_grid.py::test_selected_grid_declaration_is_checked_before_any_cache_read[count]
tests/quantum/test_thermal_campaign_grid.py::test_selected_grid_declaration_is_checked_before_any_cache_read[rate]
tests/quantum/test_thermal_campaign_grid.py::test_selected_grid_declaration_is_checked_before_any_cache_read[path]
tests/quantum/test_thermal_campaign_grid.py::test_selected_grid_declaration_is_checked_before_any_cache_read[index]
tests/quantum/test_thermal_campaign_grid.py::test_selected_grid_declaration_is_checked_before_any_cache_read[occupancy]
tests/quantum/test_thermal_campaign_grid.py::test_selected_grid_declaration_is_checked_before_any_cache_read[duplicate]
tests/quantum/test_thermal_campaign_grid.py::test_undeclared_or_noninteger_selection_rejected[False-11]
tests/quantum/test_thermal_campaign_grid.py::test_undeclared_or_noninteger_selection_rejected[1.0-11]
tests/quantum/test_thermal_campaign_grid.py::test_undeclared_or_noninteger_selection_rejected[3-11]
tests/quantum/test_thermal_campaign_grid.py::test_undeclared_or_noninteger_selection_rejected[0-99]
tests/quantum/test_thermal_campaign_grid.py::test_existing_outputs_are_never_replaced_and_reports_do_not_pollute_cache
tests/quantum/test_thermal_campaign_grid.py::test_wrong_controller_hash_cannot_publish
tests/quantum/test_thermal_campaign_grid.py::test_matching_controller_archive_preserved_and_corrupt_archive_never_replaced
tests/quantum/test_thermal_campaign_grid.py::test_fresh_interpreter_launch_keeps_frozen_inventory_and_missing_cache_read_only
tests/quantum/test_thermal_campaign_grid.py::test_corrupt_real_cache_record_is_reported_without_repair
tests/quantum/test_transport.py::test_path_declares_the_actual_entry_velocity_and_exit
tests/quantum/test_transport.py::test_boundary_plus_jumps_reproduce_the_actual_nonstationary_atomic_moments
tests/quantum/test_transport.py::test_full_density_time_qrt_and_drive_reference[greater]
tests/quantum/test_transport.py::test_full_density_time_qrt_and_drive_reference[lesser]
tests/quantum/test_transport.py::test_full_density_time_qrt_and_drive_reference[mean_pulse]
tests/quantum/test_transport.py::test_full_density_time_qrt_and_drive_reference[retarded_response]
tests/quantum/test_transport.py::test_disjoint_positions_retain_cross_covariance_and_global_positivity
tests/quantum/test_transport.py::test_retarded_kernel_never_responds_before_the_source
tests/quantum/test_transport.py::test_discarding_inflow_can_leave_psd_but_break_the_atomic_commutator
tests/quantum/test_transport.py::test_poisson_number_noise_is_fixed_by_the_mean_pulse
tests/quantum/test_transport.py::test_identity_readout_has_no_internal_noise_but_has_poisson_count_noise
tests/quantum/test_transport.py::test_finite_residence_matches_analytic_lorentzian_window_and_stationary_limit
tests/quantum/test_transport.py::test_unphysical_boundary_and_missing_endpoints_are_rejected
tests/quantum/test_transport.py::test_seconds_and_rescaled_time_are_exactly_the_same_wavepacket
tests/quantum/test_transport.py::test_three_level_transient_does_not_require_a_stationary_mixing_state
tests/quantum/test_transport.py::test_transport_audit_will_not_overwrite_evidence
tests/quantum/test_transport_ensemble.py::test_stream_matches_literal_common_phase_integration_of_every_ordered_source_and_response
tests/quantum/test_transport_ensemble.py::test_mean_term_cannot_be_erased_when_phase_averaged_mean_vanishes
tests/quantum/test_transport_ensemble.py::test_each_path_is_consumed_once_without_retaining_the_entire_packet_history
tests/quantum/test_transport_ensemble.py::test_density_is_applied_once_and_occupancy_is_not_renormalized_to_nV
tests/quantum/test_transport_ensemble.py::test_physical_convention_cannot_hide_order_units_scales_or_provenance_mismatch[change0]
tests/quantum/test_transport_ensemble.py::test_physical_convention_cannot_hide_order_units_scales_or_provenance_mismatch[change1]
tests/quantum/test_transport_ensemble.py::test_physical_convention_cannot_hide_order_units_scales_or_provenance_mismatch[change2]
tests/quantum/test_transport_ensemble.py::test_physical_convention_cannot_hide_order_units_scales_or_provenance_mismatch[change3]
tests/quantum/test_transport_ensemble.py::test_physical_convention_cannot_hide_order_units_scales_or_provenance_mismatch[change4]
tests/quantum/test_transport_ensemble.py::test_physical_convention_cannot_hide_order_units_scales_or_provenance_mismatch[change5]
tests/quantum/test_transport_ensemble.py::test_physical_convention_cannot_hide_order_units_scales_or_provenance_mismatch[change6]
tests/quantum/test_transport_ensemble.py::test_physical_convention_cannot_hide_order_units_scales_or_provenance_mismatch[change7]
tests/quantum/test_transport_ensemble.py::test_physical_convention_cannot_hide_order_units_scales_or_provenance_mismatch[change8]
tests/quantum/test_transport_ensemble.py::test_physical_convention_cannot_hide_order_units_scales_or_provenance_mismatch[change9]
tests/quantum/test_transport_ensemble.py::test_physical_convention_cannot_hide_order_units_scales_or_provenance_mismatch[change10]
tests/quantum/test_transport_ensemble.py::test_physical_convention_cannot_hide_order_units_scales_or_provenance_mismatch[change11]
tests/quantum/test_transport_ensemble.py::test_physical_convention_cannot_hide_order_units_scales_or_provenance_mismatch[change12]
tests/quantum/test_transport_ensemble.py::test_physical_convention_cannot_hide_order_units_scales_or_provenance_mismatch[change13]
tests/quantum/test_transport_ensemble.py::test_physical_convention_cannot_hide_order_units_scales_or_provenance_mismatch[change14]
tests/quantum/test_transport_ensemble.py::test_physical_convention_cannot_hide_order_units_scales_or_provenance_mismatch[change15]
tests/quantum/test_transport_ensemble.py::test_native_packet_contract_is_checked_even_when_old_evidence_claims_success[axis]
tests/quantum/test_transport_ensemble.py::test_native_packet_contract_is_checked_even_when_old_evidence_claims_success[frequency]
tests/quantum/test_transport_ensemble.py::test_native_packet_contract_is_checked_even_when_old_evidence_claims_success[offset]
tests/quantum/test_transport_ensemble.py::test_native_packet_contract_is_checked_even_when_old_evidence_claims_success[sources]
tests/quantum/test_transport_ensemble.py::test_native_packet_contract_is_checked_even_when_old_evidence_claims_success[nambu]
tests/quantum/test_transport_ensemble.py::test_native_packet_contract_is_checked_even_when_old_evidence_claims_success[coupling]
tests/quantum/test_transport_ensemble.py::test_native_packet_contract_is_checked_even_when_old_evidence_claims_success[units]
tests/quantum/test_transport_ensemble.py::test_native_packet_contract_is_checked_even_when_old_evidence_claims_success[density]
tests/quantum/test_transport_ensemble.py::test_native_packet_contract_is_checked_even_when_old_evidence_claims_success[readout_scale]
tests/quantum/test_transport_ensemble.py::test_native_packet_contract_is_checked_even_when_old_evidence_claims_success[source_closure]
tests/quantum/test_transport_ensemble.py::test_native_packet_contract_is_checked_even_when_old_evidence_claims_success[negative_source]
tests/quantum/test_transport_ensemble.py::test_native_packet_contract_is_checked_even_when_old_evidence_claims_success[duration]
tests/quantum/test_transport_ensemble.py::test_native_packet_contract_is_checked_even_when_old_evidence_claims_success[shape]
tests/quantum/test_transport_ensemble.py::test_native_packet_contract_is_checked_even_when_old_evidence_claims_success[scope]
tests/quantum/test_transport_ensemble.py::test_native_packet_contract_is_checked_even_when_old_evidence_claims_success[spatial_phase]
tests/quantum/test_transport_ensemble.py::test_native_packet_contract_is_checked_even_when_old_evidence_claims_success[pump_only]
tests/quantum/test_transport_ensemble.py::test_native_packet_contract_is_checked_even_when_old_evidence_claims_success[phase_charges]
tests/quantum/test_transport_ensemble.py::test_native_packet_contract_is_checked_even_when_old_evidence_claims_success[demodulation]
tests/quantum/test_transport_ensemble.py::test_strong_rf_response_cannot_hide_a_missing_source_at_a_weak_rf_sample
tests/quantum/test_transport_ensemble.py::test_supplied_packet_signature_must_match_the_same_consumed_stream[provenance-changed source]
tests/quantum/test_transport_ensemble.py::test_supplied_packet_signature_must_match_the_same_consumed_stream[model_id-other model]
tests/quantum/test_transport_ensemble.py::test_supplied_packet_signature_must_match_the_same_consumed_stream[readout_scales-value2]
tests/quantum/test_transport_ensemble.py::test_supplied_packet_signature_must_match_the_same_consumed_stream[number_density_m3-6e+16]
tests/quantum/test_transport_ensemble.py::test_unproved_or_failed_path_aborts_with_no_partial_or_renormalized_spectrum[missing]
tests/quantum/test_transport_ensemble.py::test_unproved_or_failed_path_aborts_with_no_partial_or_renormalized_spectrum[boolean]
tests/quantum/test_transport_ensemble.py::test_unproved_or_failed_path_aborts_with_no_partial_or_renormalized_spectrum[physical_audit]
tests/quantum/test_transport_ensemble.py::test_unproved_or_failed_path_aborts_with_no_partial_or_renormalized_spectrum[failed_budget]
tests/quantum/test_transport_ensemble.py::test_unproved_or_failed_path_aborts_with_no_partial_or_renormalized_spectrum[missing_mean_outer]
tests/quantum/test_transport_ensemble.py::test_unproved_or_failed_path_aborts_with_no_partial_or_renormalized_spectrum[wrong_digest]
tests/quantum/test_transport_ensemble.py::test_unproved_or_failed_path_aborts_with_no_partial_or_renormalized_spectrum[missing_reference]
tests/quantum/test_transport_ensemble.py::test_unproved_or_failed_path_aborts_with_no_partial_or_renormalized_spectrum[tampered_mean]
tests/quantum/test_transport_ensemble.py::test_smooth_paths_require_three_linked_resolutions_and_never_inherit_segment_only_proof
tests/quantum/test_transport_ensemble.py::test_path_convergence_or_nV_moments_cannot_certify_the_actual_ensemble_integrand[missing]
tests/quantum/test_transport_ensemble.py::test_path_convergence_or_nV_moments_cannot_certify_the_actual_ensemble_integrand[boolean]
tests/quantum/test_transport_ensemble.py::test_path_convergence_or_nV_moments_cannot_certify_the_actual_ensemble_integrand[wrong_target]
tests/quantum/test_transport_ensemble.py::test_path_convergence_or_nV_moments_cannot_certify_the_actual_ensemble_integrand[moment_only]
tests/quantum/test_transport_ensemble.py::test_path_convergence_or_nV_moments_cannot_certify_the_actual_ensemble_integrand[missing_scramble]
tests/quantum/test_transport_ensemble.py::test_path_convergence_or_nV_moments_cannot_certify_the_actual_ensemble_integrand[missing_number]
tests/quantum/test_transport_ensemble.py::test_path_convergence_or_nV_moments_cannot_certify_the_actual_ensemble_integrand[failed_budget]
tests/quantum/test_transport_ensemble.py::test_candidate_frequency_scope_sources_and_units_cannot_change_after_evidence_binding[analysis_axis-value0]
tests/quantum/test_transport_ensemble.py::test_candidate_frequency_scope_sources_and_units_cannot_change_after_evidence_binding[model_scope-smooth]
tests/quantum/test_transport_ensemble.py::test_candidate_frequency_scope_sources_and_units_cannot_change_after_evidence_binding[model_id-other physical model]
tests/quantum/test_transport_ensemble.py::test_candidate_frequency_scope_sources_and_units_cannot_change_after_evidence_binding[source_names-value3]
tests/quantum/test_transport_ensemble.py::test_candidate_frequency_scope_sources_and_units_cannot_change_after_evidence_binding[numerical_units-value4]
tests/quantum/test_transport_ensemble.py::test_candidate_spectral_data_cannot_be_swapped_after_the_computation_digest
tests/quantum/test_transport_ensemble.py::test_numerical_comparisons_own_their_budgets_and_cannot_claim_self_reference
tests/quantum/test_transport_ensemble_refinement.py::test_batched_age_and_causal_integrals_match_independent_adaptive_reference[None]
tests/quantum/test_transport_ensemble_refinement.py::test_batched_age_and_causal_integrals_match_independent_adaptive_reference[48]
tests/quantum/test_transport_ensemble_refinement.py::test_exact_batch_integrals_retain_long_life_oscillations_and_near_dark_pulses
tests/quantum/test_transport_ensemble_refinement.py::test_highly_oscillatory_path_fails_the_unchanged_path_budget_instead_of_being_hidden
tests/quantum/test_transport_ensemble_refinement.py::test_invalid_or_empty_residence_arrays_are_rejected[taus0]
tests/quantum/test_transport_ensemble_refinement.py::test_invalid_or_empty_residence_arrays_are_rejected[taus1]
tests/quantum/test_transport_ensemble_refinement.py::test_invalid_or_empty_residence_arrays_are_rejected[taus2]
tests/quantum/test_transport_ensemble_refinement.py::test_invalid_or_empty_residence_arrays_are_rejected[taus3]
tests/quantum/test_transport_ensemble_refinement.py::test_invalid_or_empty_residence_arrays_are_rejected[taus4]
tests/quantum/test_transport_ensemble_refinement.py::test_invalid_or_empty_residence_arrays_are_rejected[taus5]
tests/quantum/test_transport_ensemble_refinement.py::test_batch_path_errors_match_each_of_seven_full_matrix_metrics
tests/quantum/test_transport_ensemble_refinement.py::test_scalar_factorization_matches_original_complete_complex_stream_matrices
tests/quantum/test_transport_ensemble_refinement.py::test_factorized_stream_matches_independent_literal_raw_common_phase_average
tests/quantum/test_transport_ensemble_refinement.py::test_density_enters_exactly_once_and_chunk_boundaries_preserve_the_integral
tests/quantum/test_transport_ensemble_refinement.py::test_gate_requires_two_refinements_per_seed_and_every_directed_pair_on_both_recent_grids
tests/quantum/test_transport_ensemble_refinement.py::test_recent_two_refinements_cannot_be_replaced_by_only_a_passing_last_edge
tests/quantum/test_transport_ensemble_refinement.py::test_gate_uses_last_three_grids_of_a_complete_plan_prefix
tests/quantum/test_transport_ensemble_refinement.py::test_independent_comparisons_are_required_at_the_penultimate_grid_too
tests/quantum/test_transport_ensemble_refinement.py::test_non_nominal_seed_pair_cannot_hide_behind_individual_agreement_with_nominal
tests/quantum/test_transport_ensemble_refinement.py::test_each_actual_stream_metric_is_required_even_when_number_moments_are_exact[greater]
tests/quantum/test_transport_ensemble_refinement.py::test_each_actual_stream_metric_is_required_even_when_number_moments_are_exact[lesser]
tests/quantum/test_transport_ensemble_refinement.py::test_each_actual_stream_metric_is_required_even_when_number_moments_are_exact[greater_by_source]
tests/quantum/test_transport_ensemble_refinement.py::test_each_actual_stream_metric_is_required_even_when_number_moments_are_exact[lesser_by_source]
tests/quantum/test_transport_ensemble_refinement.py::test_each_actual_stream_metric_is_required_even_when_number_moments_are_exact[poisson_number]
tests/quantum/test_transport_ensemble_refinement.py::test_each_actual_stream_metric_is_required_even_when_number_moments_are_exact[retarded_response]
tests/quantum/test_transport_ensemble_refinement.py::test_incomplete_or_failed_numerical_evidence_cannot_certify[missing_seed]
tests/quantum/test_transport_ensemble_refinement.py::test_incomplete_or_failed_numerical_evidence_cannot_certify[duplicate]
tests/quantum/test_transport_ensemble_refinement.py::test_incomplete_or_failed_numerical_evidence_cannot_certify[unplanned_seed]
tests/quantum/test_transport_ensemble_refinement.py::test_incomplete_or_failed_numerical_evidence_cannot_certify[unplanned_power]
tests/quantum/test_transport_ensemble_refinement.py::test_incomplete_or_failed_numerical_evidence_cannot_certify[missing_middle_grid]
tests/quantum/test_transport_ensemble_refinement.py::test_incomplete_or_failed_numerical_evidence_cannot_certify[two_grids_only]
tests/quantum/test_transport_ensemble_refinement.py::test_incomplete_or_failed_numerical_evidence_cannot_certify[missing_path_metric]
tests/quantum/test_transport_ensemble_refinement.py::test_incomplete_or_failed_numerical_evidence_cannot_certify[failed_path]
tests/quantum/test_transport_ensemble_refinement.py::test_incomplete_or_failed_numerical_evidence_cannot_certify[incomplete_count]
tests/quantum/test_transport_ensemble_refinement.py::test_incomplete_or_failed_numerical_evidence_cannot_certify[negative_path_error]
tests/quantum/test_transport_ensemble_refinement.py::test_incomplete_or_failed_numerical_evidence_cannot_certify[failed_path_error]
tests/quantum/test_transport_ensemble_refinement.py::test_incomplete_or_failed_numerical_evidence_cannot_certify[missing_closed_form_metric]
tests/quantum/test_transport_ensemble_refinement.py::test_incomplete_or_failed_numerical_evidence_cannot_certify[failed_closed_form_error]
tests/quantum/test_transport_ensemble_refinement.py::test_content_digest_binds_spectra_evidence_and_path_metadata
tests/quantum/test_transport_ensemble_refinement.py::test_mixed_physical_densities_cannot_pass_even_when_all_matrix_differences_are_small
tests/quantum/test_transport_ensemble_refinement.py::test_plan_itself_requires_three_distinct_seeds_and_three_increasing_grids[powers0-seeds0]
tests/quantum/test_transport_ensemble_refinement.py::test_plan_itself_requires_three_distinct_seeds_and_three_increasing_grids[powers1-seeds1]
tests/quantum/test_transport_ensemble_refinement.py::test_plan_itself_requires_three_distinct_seeds_and_three_increasing_grids[powers2-seeds2]
tests/quantum/test_transport_ensemble_refinement.py::test_plan_itself_requires_three_distinct_seeds_and_three_increasing_grids[powers3-seeds3]
tests/quantum/test_transport_ensemble_refinement.py::test_plan_itself_requires_three_distinct_seeds_and_three_increasing_grids[powers4-seeds4]
tests/quantum/test_transport_ensemble_refinement.py::test_one_failed_path_is_counted_and_retained_in_unrenormalized_diagnostic
tests/quantum/test_transport_ensemble_refinement.py::test_factorization_rejects_a_changed_atomic_model
tests/quantum/test_transport_ensemble_refinement.py::test_cli_rejects_existing_artifacts_before_expensive_calculation[report]
tests/quantum/test_transport_ensemble_refinement.py::test_cli_rejects_existing_artifacts_before_expensive_calculation[plot]
tests/quantum/test_transport_ensemble_refinement.py::test_cli_rejects_identical_new_report_and_plot_targets
tests/quantum/test_transport_ensemble_refinement.py::test_unstable_source_hashes_prevent_any_immutable_output
tests/quantum/test_traveling.py::test_two_level_passive_vacuum_and_inverted_quantum_limited_amplifier[False]
tests/quantum/test_traveling.py::test_two_level_passive_vacuum_and_inverted_quantum_limited_amplifier[True]
tests/quantum/test_traveling.py::test_response_and_photon_flux_transfer_match_existing_maxwell_reference
tests/quantum/test_traveling.py::test_field_noise_matches_independent_atomic_qrt_projection
tests/quantum/test_traveling.py::test_density_dipole_and_common_area_normalization
tests/quantum/test_traveling.py::test_companion_and_both_noise_orderings_preserve_conjugation
tests/quantum/test_traveling.py::test_constant_segment_matches_independent_quadrature_and_semigroup
tests/quantum/test_traveling.py::test_no_atom_zero_length_and_noncommuting_prescribed_segments
tests/quantum/test_traveling.py::test_bad_noise_coefficient_and_mismatched_coordinates_are_rejected
tests/quantum/test_uncertainty.py::test_affine_correlated_output_covariance_matches_independent_hand_calculation
tests/quantum/test_uncertainty.py::test_singular_anticorrelation_gives_exact_cancellation_without_diagonal_jitter
tests/quantum/test_uncertainty.py::test_five_exact_common_errors_preserve_draw_identity_and_amplified_cancellation[signs0]
tests/quantum/test_uncertainty.py::test_five_exact_common_errors_preserve_draw_identity_and_amplified_cancellation[signs1]
tests/quantum/test_uncertainty.py::test_exact_common_errors_remain_exact_when_correlated_to_another_latent_error
tests/quantum/test_uncertainty.py::test_nearly_perfect_correlation_retains_small_positive_difference_variance[0.999999999999]
tests/quantum/test_uncertainty.py::test_nearly_perfect_correlation_retains_small_positive_difference_variance[0.9999999999999982]
tests/quantum/test_uncertainty.py::test_exact_pair_with_inconsistent_signed_rows_is_rejected_before_consolidation
tests/quantum/test_uncertainty.py::test_disparate_si_scales_have_no_shared_absolute_covariance_tolerance
tests/quantum/test_uncertainty.py::test_extreme_but_representable_si_variances_are_validated_dimensionlessly
tests/quantum/test_uncertainty.py::test_invalid_correlations_are_rejected[bad0-symmetric]
tests/quantum/test_uncertainty.py::test_invalid_correlations_are_rejected[bad1-positive semidefinite]
tests/quantum/test_uncertainty.py::test_invalid_correlations_are_rejected[bad2-diagonal]
tests/quantum/test_uncertainty.py::test_invalid_correlations_are_rejected[bad3-shape]
tests/quantum/test_uncertainty.py::test_invalid_correlations_are_rejected[bad4-finite]
tests/quantum/test_uncertainty.py::test_invalid_correlations_are_rejected[bad5-real coordinates]
tests/quantum/test_uncertainty.py::test_covariance_requires_full_psd_not_only_valid_pairwise_correlations
tests/quantum/test_uncertainty.py::test_exact_parameters_are_bitwise_fixed_and_not_finite_differenced
tests/quantum/test_uncertainty.py::test_sampling_replays_seed_and_matches_analytic_affine_statistics
tests/quantum/test_uncertainty.py::test_ensemble_retains_nonlinearity_that_first_order_omits
tests/quantum/test_uncertainty.py::test_constant_exact_ensemble_has_zero_covariance_without_roundoff_variance
tests/quantum/test_uncertainty.py::test_input_and_correlation_evidence_are_separate_and_target_leakage_cannot_pass
tests/quantum/test_uncertainty.py::test_missing_numeric_uncertainty_and_duplicate_ids_never_become_exact_defaults
tests/quantum/test_uncertainty.py::test_roundoff_eigenvalue_clipping_retains_supplied_correlation_and_diagnostics
tests/quantum/test_uncertainty.py::test_invalid_nonlinear_output_fails_with_original_point_and_no_resampling[nan]
tests/quantum/test_uncertainty.py::test_invalid_nonlinear_output_fails_with_original_point_and_no_resampling[inf]
tests/quantum/test_uncertainty.py::test_invalid_nonlinear_output_fails_with_original_point_and_no_resampling[1j]
tests/quantum/test_uncertainty.py::test_invalid_nonlinear_output_fails_with_original_point_and_no_resampling[bad_output3]
tests/quantum/test_uncertainty.py::test_invalid_nonlinear_output_fails_with_original_point_and_no_resampling[bad_output4]
tests/quantum/test_uncertainty.py::test_physical_boundary_failure_is_reported_and_not_clipped_or_rejected
tests/quantum/test_uncertainty.py::test_arrays_are_owned_immutable_and_callback_cannot_change_joint_values
tests/quantum/test_uncertainty.py::test_explicit_seed_count_steps_and_output_units_are_required

1157 tests collected in 2.68s
